transaction_id,customer_id,product,category,amount,cost,profit,quantity,discount,transaction_date
TXN0001,CUST001,Security Suite,Software,722.0,150,572.0,1,0.05,2026-04-24
TXN0002,CUST001,Security Suite,Software,684.0,150,534.0,1,0.1,2025-03-29
TXN0003,CUST001,Custom Training Workshop,Services,2256.25,1200,1056.25,1,0.05,2026-02-01
TXN0004,CUST001,Developer Laptop,Hardware,4560.0,3900,660.0,3,0.2,2025-08-26
TXN0005,CUST001,Custom Training Workshop,Services,1900.0,1200,700.0,1,0.2,2025-03-30
TXN0006,CUST001,Security Suite,Software,760.0,150,610.0,1,0.0,2024-08-31
TXN0007,CUST001,Cloud Platform,Software,1140.0,200,940.0,1,0.0,2025-01-22
TXN0008,CUST001,Enterprise Support (Annual),Services,7600.0,4500,3100.0,1,0.0,2026-04-27
TXN0009,CUST001,Smart Gateway,Hardware,1282.5,750,532.5,3,0.0,2026-05-15
TXN0010,CUST001,Smart Gateway,Hardware,384.75,250,134.75,1,0.1,2025-01-16
TXN0011,CUST001,Edge Server,Hardware,3158.75,2200,958.75,1,0.05,2024-12-10
TXN0012,CUST001,Cloud Platform,Software,1026.0,200,826.0,1,0.1,2025-02-18
TXN0013,CUST001,Custom Training Workshop,Services,9500.0,4800,4700.0,4,0.0,2026-01-21
TXN0014,CUST002,Smart Gateway,Hardware,450.0,250,200.0,1,0.0,2026-01-07
TXN0015,CUST002,Developer Laptop,Hardware,2000.0,1300,700.0,1,0.0,2025-08-07
TXN0016,CUST002,Enterprise Support (Annual),Services,16000.0,9000,7000.0,2,0.0,2025-04-19
TXN0017,CUST002,Custom Training Workshop,Services,2500.0,1200,1300.0,1,0.0,2024-09-23
TXN0018,CUST002,Enterprise Support (Annual),Services,7200.0,4500,2700.0,1,0.1,2026-03-26
TXN0019,CUST002,Smart Gateway,Hardware,765.0,500,265.0,2,0.15,2024-07-30
TXN0020,CUST002,Enterprise Support (Annual),Services,16000.0,9000,7000.0,2,0.0,2024-08-05
TXN0021,CUST002,Developer Laptop,Hardware,2000.0,1300,700.0,1,0.0,2024-05-05
TXN0022,CUST002,Analytics Engine,Software,1500.0,300,1200.0,1,0.0,2024-05-19
TXN0023,CUST002,Smart Gateway,Hardware,450.0,250,200.0,1,0.0,2025-12-11
TXN0024,CUST003,Collaboration Tool,Software,769.5,150,619.5,3,0.1,2026-02-20
TXN0025,CUST003,Custom Training Workshop,Services,2375.0,1200,1175.0,1,0.0,2025-09-08
TXN0026,CUST003,Smart Gateway,Hardware,812.25,500,312.25,2,0.05,2026-05-31
TXN0027,CUST003,Analytics Engine,Software,1211.25,300,911.25,1,0.15,2025-10-04
TXN0028,CUST003,Enterprise Support (Annual),Services,6080.0,4500,1580.0,1,0.2,2026-04-20
TXN0029,CUST003,Cloud Migration Consultation,Services,4750.0,3000,1750.0,1,0.0,2026-01-08
TXN0030,CUST003,Security Suite,Software,3230.0,750,2480.0,5,0.15,2026-04-04
TXN0031,CUST004,Cloud Migration Consultation,Services,4500.0,3000,1500.0,1,0.1,2026-01-18
TXN0032,CUST004,Enterprise Support (Annual),Services,8000.0,4500,3500.0,1,0.0,2026-04-28
TXN0033,CUST004,Collaboration Tool,Software,300.0,50,250.0,1,0.0,2026-04-18
TXN0034,CUST004,Custom Training Workshop,Services,6375.0,3600,2775.0,3,0.15,2026-05-21
TXN0035,CUST004,Developer Laptop,Hardware,7600.0,5200,2400.0,4,0.05,2026-02-27
TXN0036,CUST004,Smart Gateway,Hardware,427.5,250,177.5,1,0.05,2025-12-19
TXN0037,CUST004,Edge Server,Hardware,3500.0,2200,1300.0,1,0.0,2026-06-05
TXN0038,CUST004,Custom Training Workshop,Services,2125.0,1200,925.0,1,0.15,2026-03-14
TXN0039,CUST004,Cloud Migration Consultation,Services,5000.0,3000,2000.0,1,0.0,2026-02-05
TXN0040,CUST004,Analytics Engine,Software,2700.0,600,2100.0,2,0.1,2026-04-03
TXN0041,CUST005,Smart Gateway,Hardware,812.25,500,312.25,2,0.05,2025-11-05
TXN0042,CUST005,Edge Server,Hardware,2660.0,2200,460.0,1,0.2,2025-03-15
TXN0043,CUST005,Collaboration Tool,Software,242.25,50,192.25,1,0.15,2025-09-15
TXN0044,CUST005,Cloud Migration Consultation,Services,4512.5,3000,1512.5,1,0.05,2024-10-26
TXN0045,CUST005,Collaboration Tool,Software,570.0,100,470.0,2,0.0,2025-03-18
TXN0046,CUST005,Cloud Migration Consultation,Services,12112.5,9000,3112.5,3,0.15,2025-11-22
TXN0047,CUST005,Developer Laptop,Hardware,3230.0,2600,630.0,2,0.15,2026-04-10
TXN0048,CUST005,Cloud Migration Consultation,Services,9500.0,6000,3500.0,2,0.0,2026-02-22
TXN0049,CUST005,Cloud Platform,Software,1140.0,200,940.0,1,0.0,2025-08-01
TXN0050,CUST005,Edge Server,Hardware,5652.5,4400,1252.5,2,0.15,2025-01-21
TXN0051,CUST005,Edge Server,Hardware,3325.0,2200,1125.0,1,0.0,2024-11-27
TXN0052,CUST005,Collaboration Tool,Software,256.5,50,206.5,1,0.1,2025-03-09
TXN0053,CUST005,Cloud Platform,Software,2280.0,400,1880.0,2,0.0,2025-04-03
TXN0054,CUST005,Smart Gateway,Hardware,427.5,250,177.5,1,0.0,2025-06-14
TXN0055,CUST005,Developer Laptop,Hardware,3230.0,2600,630.0,2,0.15,2025-06-28
TXN0056,CUST006,Custom Training Workshop,Services,2375.0,1200,1175.0,1,0.0,2025-03-29
TXN0057,CUST006,Enterprise Support (Annual),Services,15200.0,9000,6200.0,2,0.0,2025-05-27
TXN0058,CUST006,Developer Laptop,Hardware,1900.0,1300,600.0,1,0.0,2025-02-19
TXN0059,CUST006,Security Suite,Software,760.0,150,610.0,1,0.0,2025-10-15
TXN0060,CUST006,Enterprise Support (Annual),Services,6840.0,4500,2340.0,1,0.1,2025-04-06
TXN0061,CUST006,Edge Server,Hardware,3158.75,2200,958.75,1,0.05,2025-07-18
TXN0062,CUST006,Custom Training Workshop,Services,2018.75,1200,818.75,1,0.15,2024-07-28
TXN0063,CUST006,Analytics Engine,Software,1425.0,300,1125.0,1,0.0,2025-03-28
TXN0064,CUST006,Custom Training Workshop,Services,4512.5,2400,2112.5,2,0.05,2025-02-19
TXN0065,CUST006,Cloud Migration Consultation,Services,18050.0,12000,6050.0,4,0.05,2024-10-26
TXN0066,CUST007,Edge Server,Hardware,9450.0,6600,2850.0,3,0.0,2026-06-25
TXN0067,CUST007,Smart Gateway,Hardware,405.0,250,155.0,1,0.0,2025-02-05
TXN0068,CUST007,Smart Gateway,Hardware,729.0,500,229.0,2,0.1,2025-10-13
TXN0069,CUST007,Developer Laptop,Hardware,6480.0,5200,1280.0,4,0.1,2024-12-28
TXN0070,CUST007,Security Suite,Software,1224.0,300,924.0,2,0.15,2025-08-01
TXN0071,CUST007,Enterprise Support (Annual),Services,86400.0,54000,32400.0,12,0.0,2026-04-20
TXN0072,CUST007,Edge Server,Hardware,3150.0,2200,950.0,1,0.0,2026-06-27
TXN0073,CUST008,Enterprise Support (Annual),Services,7200.0,4500,2700.0,1,0.1,2026-05-03
TXN0074,CUST008,Security Suite,Software,760.0,150,610.0,1,0.05,2025-10-22
TXN0075,CUST008,Smart Gateway,Hardware,450.0,250,200.0,1,0.0,2026-01-27
TXN0076,CUST008,Smart Gateway,Hardware,450.0,250,200.0,1,0.0,2026-06-10
TXN0077,CUST008,Cloud Platform,Software,1200.0,200,1000.0,1,0.0,2025-06-25
TXN0078,CUST008,Security Suite,Software,800.0,150,650.0,1,0.0,2025-06-03
TXN0079,CUST008,Custom Training Workshop,Services,2250.0,1200,1050.0,1,0.1,2026-04-30
TXN0080,CUST008,Smart Gateway,Hardware,450.0,250,200.0,1,0.0,2025-07-03
TXN0081,CUST008,Edge Server,Hardware,7000.0,4400,2600.0,2,0.0,2025-11-09
TXN0082,CUST008,Analytics Engine,Software,1425.0,300,1125.0,1,0.05,2025-11-28
TXN0083,CUST008,Enterprise Support (Annual),Services,8000.0,4500,3500.0,1,0.0,2026-01-18
TXN0084,CUST008,Edge Server,Hardware,6650.0,4400,2250.0,2,0.05,2025-06-16
TXN0085,CUST008,Cloud Platform,Software,2400.0,400,2000.0,2,0.0,2026-02-14
TXN0086,CUST009,Cloud Platform,Software,9720.0,1800,7920.0,9,0.0,2026-05-28
TXN0087,CUST009,Analytics Engine,Software,8100.0,1800,6300.0,6,0.0,2025-06-05
TXN0088,CUST009,Analytics Engine,Software,2565.0,600,1965.0,2,0.05,2025-03-24
TXN0089,CUST009,Cloud Platform,Software,1026.0,200,826.0,1,0.05,2024-11-22
TXN0090,CUST009,Analytics Engine,Software,4050.0,900,3150.0,3,0.0,2024-11-12
TXN0091,CUST010,Collaboration Tool,Software,300.0,50,250.0,1,0.0,2026-03-20
TXN0092,CUST010,Collaboration Tool,Software,255.0,50,205.0,1,0.15,2025-10-15
TXN0093,CUST010,Custom Training Workshop,Services,2500.0,1200,1300.0,1,0.0,2024-03-31
TXN0094,CUST010,Collaboration Tool,Software,900.0,150,750.0,3,0.0,2024-03-18
TXN0095,CUST011,Enterprise Support (Annual),Services,8000.0,4500,3500.0,1,0.0,2025-08-28
TXN0096,CUST011,Cloud Platform,Software,1140.0,200,940.0,1,0.05,2025-12-26
TXN0097,CUST011,Custom Training Workshop,Services,2000.0,1200,800.0,1,0.2,2025-12-03
TXN0098,CUST011,Developer Laptop,Hardware,2000.0,1300,700.0,1,0.0,2025-10-08
TXN0099,CUST012,Custom Training Workshop,Services,7125.0,3600,3525.0,3,0.05,2025-05-05
TXN0100,CUST012,Developer Laptop,Hardware,6000.0,3900,2100.0,3,0.0,2025-08-16
TXN0101,CUST012,Developer Laptop,Hardware,4000.0,2600,1400.0,2,0.0,2026-04-17
TXN0102,CUST012,Enterprise Support (Annual),Services,8000.0,4500,3500.0,1,0.0,2025-11-24
TXN0103,CUST012,Cloud Platform,Software,3600.0,600,3000.0,3,0.0,2026-05-08
TXN0104,CUST012,Custom Training Workshop,Services,2500.0,1200,1300.0,1,0.0,2025-04-16
TXN0105,CUST012,Custom Training Workshop,Services,2375.0,1200,1175.0,1,0.05,2025-03-10
TXN0106,CUST012,Smart Gateway,Hardware,1800.0,1000,800.0,4,0.0,2026-03-04
TXN0107,CUST012,Smart Gateway,Hardware,450.0,250,200.0,1,0.0,2025-03-01
TXN0108,CUST012,Security Suite,Software,1600.0,300,1300.0,2,0.0,2026-06-11
TXN0109,CUST012,Smart Gateway,Hardware,405.0,250,155.0,1,0.1,2025-04-28
TXN0110,CUST012,Smart Gateway,Hardware,2025.0,1250,775.0,5,0.1,2025-08-27
TXN0111,CUST012,Custom Training Workshop,Services,7500.0,3600,3900.0,3,0.0,2025-02-03
TXN0112,CUST012,Smart Gateway,Hardware,765.0,500,265.0,2,0.15,2025-07-11
TXN0113,CUST012,Security Suite,Software,2280.0,450,1830.0,3,0.05,2026-01-02
TXN0114,CUST013,Cloud Platform,Software,1083.0,200,883.0,1,0.05,2024-12-10
TXN0115,CUST013,Developer Laptop,Hardware,1900.0,1300,600.0,1,0.0,2025-10-20
TXN0116,CUST013,Custom Training Workshop,Services,2375.0,1200,1175.0,1,0.0,2025-08-28
TXN0117,CUST013,Cloud Migration Consultation,Services,9500.0,6000,3500.0,2,0.0,2025-03-10
TXN0118,CUST013,Smart Gateway,Hardware,427.5,250,177.5,1,0.0,2025-12-08
TXN0119,CUST013,Analytics Engine,Software,1425.0,300,1125.0,1,0.0,2026-03-08
TXN0120,CUST013,Smart Gateway,Hardware,855.0,500,355.0,2,0.0,2026-05-30
TXN0121,CUST013,Cloud Migration Consultation,Services,4750.0,3000,1750.0,1,0.0,2025-11-08
TXN0122,CUST013,Analytics Engine,Software,1425.0,300,1125.0,1,0.0,2025-05-04
TXN0123,CUST014,Security Suite,Software,720.0,150,570.0,1,0.1,2025-11-21
TXN0124,CUST014,Custom Training Workshop,Services,7500.0,3600,3900.0,3,0.0,2026-02-01
TXN0125,CUST014,Edge Server,Hardware,3500.0,2200,1300.0,1,0.0,2024-10-20
TXN0126,CUST014,Enterprise Support (Annual),Services,7200.0,4500,2700.0,1,0.1,2025-07-24
TXN0127,CUST014,Edge Server,Hardware,2800.0,2200,600.0,1,0.2,2025-11-08
TXN0128,CUST014,Enterprise Support (Annual),Services,20400.0,13500,6900.0,3,0.15,2025-03-01
TXN0129,CUST014,Edge Server,Hardware,3325.0,2200,1125.0,1,0.05,2024-12-06
TXN0130,CUST014,Collaboration Tool,Software,810.0,150,660.0,3,0.1,2026-02-25
TXN0131,CUST014,Edge Server,Hardware,3325.0,2200,1125.0,1,0.05,2025-04-21
TXN0132,CUST014,Cloud Migration Consultation,Services,20000.0,12000,8000.0,4,0.0,2026-03-04
TXN0133,CUST015,Cloud Platform,Software,1140.0,200,940.0,1,0.0,2025-12-31
TXN0134,CUST015,Cloud Migration Consultation,Services,4275.0,3000,1275.0,1,0.1,2026-01-03
TXN0135,CUST015,Smart Gateway,Hardware,855.0,500,355.0,2,0.0,2026-06-26
TXN0136,CUST015,Enterprise Support (Annual),Services,7600.0,4500,3100.0,1,0.0,2026-03-31
TXN0137,CUST015,Enterprise Support (Annual),Services,14440.0,9000,5440.0,2,0.05,2026-05-31
TXN0138,CUST015,Cloud Migration Consultation,Services,4750.0,3000,1750.0,1,0.0,2026-04-15
TXN0139,CUST015,Developer Laptop,Hardware,1615.0,1300,315.0,1,0.15,2025-11-15
TXN0140,CUST015,Custom Training Workshop,Services,2375.0,1200,1175.0,1,0.0,2025-12-02
TXN0141,CUST015,Smart Gateway,Hardware,855.0,500,355.0,2,0.0,2025-11-07
TXN0142,CUST015,Cloud Migration Consultation,Services,19000.0,12000,7000.0,4,0.0,2026-06-17
TXN0143,CUST015,Cloud Migration Consultation,Services,4750.0,3000,1750.0,1,0.0,2026-04-10
TXN0144,CUST015,Enterprise Support (Annual),Services,36100.0,22500,13600.0,5,0.05,2026-02-20
TXN0145,CUST015,Developer Laptop,Hardware,7600.0,5200,2400.0,4,0.0,2026-01-06
TXN0146,CUST015,Custom Training Workshop,Services,2256.25,1200,1056.25,1,0.05,2026-04-08
TXN0147,CUST016,Edge Server,Hardware,3500.0,2200,1300.0,1,0.0,2024-05-04
TXN0148,CUST016,Custom Training Workshop,Services,9500.0,4800,4700.0,4,0.05,2024-11-11
TXN0149,CUST016,Edge Server,Hardware,3500.0,2200,1300.0,1,0.0,2024-07-29
TXN0150,CUST016,Smart Gateway,Hardware,900.0,500,400.0,2,0.0,2025-02-19
TXN0151,CUST016,Cloud Migration Consultation,Services,5000.0,3000,2000.0,1,0.0,2025-10-28
TXN0152,CUST016,Edge Server,Hardware,6300.0,4400,1900.0,2,0.1,2026-05-17
TXN0153,CUST016,Custom Training Workshop,Services,2375.0,1200,1175.0,1,0.05,2026-03-24
TXN0154,CUST016,Edge Server,Hardware,3500.0,2200,1300.0,1,0.0,2025-07-31
TXN0155,CUST017,Edge Server,Hardware,3325.0,2200,1125.0,1,0.0,2025-02-20
TXN0156,CUST017,Edge Server,Hardware,3158.75,2200,958.75,1,0.05,2024-05-26
TXN0157,CUST017,Cloud Migration Consultation,Services,8075.0,6000,2075.0,2,0.15,2026-04-03
TXN0158,CUST017,Collaboration Tool,Software,285.0,50,235.0,1,0.0,2025-11-30
TXN0159,CUST017,Cloud Migration Consultation,Services,9500.0,6000,3500.0,2,0.0,2026-02-15
TXN0160,CUST017,Custom Training Workshop,Services,2375.0,1200,1175.0,1,0.0,2025-03-16
TXN0161,CUST018,Enterprise Support (Annual),Services,7600.0,4500,3100.0,1,0.0,2026-06-15
TXN0162,CUST018,Analytics Engine,Software,2707.5,600,2107.5,2,0.05,2026-01-21
TXN0163,CUST018,Developer Laptop,Hardware,3610.0,2600,1010.0,2,0.05,2026-01-06
TXN0164,CUST018,Security Suite,Software,2280.0,450,1830.0,3,0.0,2025-12-26
TXN0165,CUST018,Collaboration Tool,Software,812.25,150,662.25,3,0.05,2025-10-01
TXN0166,CUST018,Custom Training Workshop,Services,7125.0,3600,3525.0,3,0.0,2025-07-17
TXN0167,CUST018,Analytics Engine,Software,1353.75,300,1053.75,1,0.05,2026-06-20
TXN0168,CUST019,Collaboration Tool,Software,726.75,150,576.75,3,0.15,2024-12-11
TXN0169,CUST019,Collaboration Tool,Software,285.0,50,235.0,1,0.0,2025-11-07
TXN0170,CUST019,Edge Server,Hardware,2826.25,2200,626.25,1,0.15,2024-12-01
TXN0171,CUST019,Security Suite,Software,646.0,150,496.0,1,0.15,2025-08-18
TXN0172,CUST019,Cloud Migration Consultation,Services,9500.0,6000,3500.0,2,0.0,2026-01-05
TXN0173,CUST019,Cloud Platform,Software,1140.0,200,940.0,1,0.0,2026-06-01
TXN0174,CUST019,Custom Training Workshop,Services,4750.0,2400,2350.0,2,0.0,2025-02-09
TXN0175,CUST019,Analytics Engine,Software,1425.0,300,1125.0,1,0.0,2025-07-01
TXN0176,CUST019,Enterprise Support (Annual),Services,6840.0,4500,2340.0,1,0.1,2026-06-25
TXN0177,CUST020,Cloud Migration Consultation,Services,9500.0,6000,3500.0,2,0.05,2026-01-13
TXN0178,CUST020,Analytics Engine,Software,1425.0,300,1125.0,1,0.05,2026-03-16
TXN0179,CUST020,Enterprise Support (Annual),Services,7600.0,4500,3100.0,1,0.05,2025-07-15
TXN0180,CUST020,Edge Server,Hardware,13300.0,8800,4500.0,4,0.05,2025-12-07
TXN0181,CUST020,Custom Training Workshop,Services,2125.0,1200,925.0,1,0.15,2026-04-20
TXN0182,CUST020,Enterprise Support (Annual),Services,40000.0,22500,17500.0,5,0.0,2025-04-05
TXN0183,CUST020,Edge Server,Hardware,3150.0,2200,950.0,1,0.1,2025-03-22
TXN0184,CUST020,Analytics Engine,Software,1500.0,300,1200.0,1,0.0,2026-01-29
TXN0185,CUST020,Cloud Migration Consultation,Services,14250.0,9000,5250.0,3,0.05,2025-09-03
TXN0186,CUST020,Smart Gateway,Hardware,450.0,250,200.0,1,0.0,2026-03-05
TXN0187,CUST021,Analytics Engine,Software,1282.5,300,982.5,1,0.1,2025-09-01
TXN0188,CUST021,Developer Laptop,Hardware,1520.0,1300,220.0,1,0.2,2024-07-02
TXN0189,CUST021,Developer Laptop,Hardware,1805.0,1300,505.0,1,0.05,2025-11-28
TXN0190,CUST021,Edge Server,Hardware,9975.0,6600,3375.0,3,0.0,2025-03-09
TXN0191,CUST021,Developer Laptop,Hardware,5130.0,3900,1230.0,3,0.1,2024-09-25
TXN0192,CUST021,Edge Server,Hardware,3325.0,2200,1125.0,1,0.0,2025-06-20
TXN0193,CUST021,Edge Server,Hardware,6650.0,4400,2250.0,2,0.0,2025-11-03
TXN0194,CUST021,Analytics Engine,Software,1425.0,300,1125.0,1,0.0,2026-01-27
TXN0195,CUST021,Developer Laptop,Hardware,1710.0,1300,410.0,1,0.1,2026-03-28
TXN0196,CUST021,Enterprise Support (Annual),Services,7600.0,4500,3100.0,1,0.0,2024-11-07
TXN0197,CUST021,Enterprise Support (Annual),Services,6080.0,4500,1580.0,1,0.2,2025-05-17
TXN0198,CUST021,Collaboration Tool,Software,256.5,50,206.5,1,0.1,2024-07-18
TXN0199,CUST021,Cloud Platform,Software,1083.0,200,883.0,1,0.05,2026-04-16
TXN0200,CUST021,Security Suite,Software,684.0,150,534.0,1,0.1,2025-08-12
TXN0201,CUST022,Smart Gateway,Hardware,450.0,250,200.0,1,0.0,2025-04-27
TXN0202,CUST022,Developer Laptop,Hardware,2000.0,1300,700.0,1,0.0,2025-07-26
TXN0203,CUST022,Enterprise Support (Annual),Services,7600.0,4500,3100.0,1,0.05,2024-09-09
TXN0204,CUST022,Cloud Platform,Software,2400.0,400,2000.0,2,0.0,2025-01-02
TXN0205,CUST022,Cloud Migration Consultation,Services,5000.0,3000,2000.0,1,0.0,2025-05-23
TXN0206,CUST022,Analytics Engine,Software,2400.0,600,1800.0,2,0.2,2025-07-22
TXN0207,CUST022,Security Suite,Software,2400.0,450,1950.0,3,0.0,2024-11-12
TXN0208,CUST022,Edge Server,Hardware,8400.0,6600,1800.0,3,0.2,2026-04-22
TXN0209,CUST023,Cloud Migration Consultation,Services,5000.0,3000,2000.0,1,0.0,2026-01-19
TXN0210,CUST023,Security Suite,Software,1520.0,300,1220.0,2,0.05,2025-12-02
TXN0211,CUST023,Security Suite,Software,800.0,150,650.0,1,0.0,2025-06-02
TXN0212,CUST023,Custom Training Workshop,Services,2250.0,1200,1050.0,1,0.1,2026-02-02
TXN0213,CUST023,Cloud Migration Consultation,Services,5000.0,3000,2000.0,1,0.0,2025-06-10
TXN0214,CUST023,Enterprise Support (Annual),Services,14400.0,9000,5400.0,2,0.1,2026-06-03
TXN0215,CUST023,Analytics Engine,Software,3000.0,600,2400.0,2,0.0,2025-04-14
TXN0216,CUST023,Security Suite,Software,1600.0,300,1300.0,2,0.0,2026-01-16
TXN0217,CUST024,Security Suite,Software,800.0,150,650.0,1,0.0,2025-08-17
TXN0218,CUST024,Smart Gateway,Hardware,1215.0,750,465.0,3,0.1,2025-11-12
TXN0219,CUST024,Analytics Engine,Software,1500.0,300,1200.0,1,0.0,2025-11-25
TXN0220,CUST024,Security Suite,Software,760.0,150,610.0,1,0.05,2026-04-19
TXN0221,CUST024,Custom Training Workshop,Services,4750.0,2400,2350.0,2,0.05,2025-10-15
TXN0222,CUST024,Cloud Platform,Software,1020.0,200,820.0,1,0.15,2026-05-04
TXN0223,CUST024,Smart Gateway,Hardware,427.5,250,177.5,1,0.05,2026-05-11
TXN0224,CUST024,Cloud Migration Consultation,Services,4750.0,3000,1750.0,1,0.05,2026-06-01
TXN0225,CUST024,Enterprise Support (Annual),Services,7200.0,4500,2700.0,1,0.1,2025-12-15
TXN0226,CUST024,Developer Laptop,Hardware,2000.0,1300,700.0,1,0.0,2026-02-12
TXN0227,CUST024,Developer Laptop,Hardware,2000.0,1300,700.0,1,0.0,2026-03-02
TXN0228,CUST025,Enterprise Support (Annual),Services,13600.0,9000,4600.0,2,0.15,2025-10-30
TXN0229,CUST025,Analytics Engine,Software,1500.0,300,1200.0,1,0.0,2026-01-26
TXN0230,CUST025,Edge Server,Hardware,3500.0,2200,1300.0,1,0.0,2025-08-18
TXN0231,CUST025,Analytics Engine,Software,5100.0,1200,3900.0,4,0.15,2025-03-23
TXN0232,CUST025,Security Suite,Software,2040.0,450,1590.0,3,0.15,2026-02-15
TXN0233,CUST026,Security Suite,Software,2160.0,450,1710.0,3,0.0,2024-11-19
TXN0234,CUST026,Developer Laptop,Hardware,3420.0,2600,820.0,2,0.05,2026-06-22
TXN0235,CUST026,Analytics Engine,Software,2700.0,600,2100.0,2,0.0,2024-09-06
TXN0236,CUST026,Custom Training Workshop,Services,6750.0,3600,3150.0,3,0.0,2026-06-25
TXN0237,CUST026,Edge Server,Hardware,28350.0,19800,8550.0,9,0.0,2024-04-23
TXN0238,CUST026,Edge Server,Hardware,8977.5,6600,2377.5,3,0.05,2025-02-19
TXN0239,CUST026,Enterprise Support (Annual),Services,21600.0,13500,8100.0,3,0.0,2025-01-09
TXN0240,CUST026,Smart Gateway,Hardware,810.0,500,310.0,2,0.0,2025-07-20
TXN0241,CUST026,Developer Laptop,Hardware,6840.0,5200,1640.0,4,0.05,2024-04-12
TXN0242,CUST026,Security Suite,Software,2736.0,600,2136.0,4,0.05,2025-01-12
TXN0243,CUST026,Security Suite,Software,2736.0,600,2136.0,4,0.05,2024-02-19
TXN0244,CUST026,Custom Training Workshop,Services,6750.0,3600,3150.0,3,0.0,2024-06-04
TXN0245,CUST026,Custom Training Workshop,Services,20250.0,10800,9450.0,9,0.0,2025-02-09
TXN0246,CUST026,Custom Training Workshop,Services,6750.0,3600,3150.0,3,0.0,2026-05-01
TXN0247,CUST027,Smart Gateway,Hardware,450.0,250,200.0,1,0.0,2025-04-30
TXN0248,CUST027,Custom Training Workshop,Services,4750.0,2400,2350.0,2,0.05,2025-02-27
TXN0249,CUST027,Custom Training Workshop,Services,2250.0,1200,1050.0,1,0.1,2025-01-14
TXN0250,CUST028,Collaboration Tool,Software,810.0,150,660.0,3,0.0,2025-10-18
TXN0251,CUST028,Cloud Migration Consultation,Services,9000.0,6000,3000.0,2,0.0,2026-01-21
TXN0252,CUST028,Smart Gateway,Hardware,1093.5,750,343.5,3,0.1,2024-11-16
TXN0253,CUST028,Custom Training Workshop,Services,2137.5,1200,937.5,1,0.05,2025-10-09
TXN0254,CUST028,Smart Gateway,Hardware,810.0,500,310.0,2,0.0,2026-01-09
TXN0255,CUST028,Smart Gateway,Hardware,769.5,500,269.5,2,0.05,2024-12-08
TXN0256,CUST028,Custom Training Workshop,Services,12825.0,7200,5625.0,6,0.05,2026-06-22
TXN0257,CUST028,Analytics Engine,Software,1147.5,300,847.5,1,0.15,2024-12-27
TXN0258,CUST028,Smart Gateway,Hardware,1215.0,750,465.0,3,0.0,2025-04-14
TXN0259,CUST028,Smart Gateway,Hardware,4860.0,3000,1860.0,12,0.0,2025-10-18
TXN0260,CUST028,Custom Training Workshop,Services,4050.0,2400,1650.0,2,0.1,2024-10-16
TXN0261,CUST028,Edge Server,Hardware,9450.0,6600,2850.0,3,0.0,2024-11-10
TXN0262,CUST029,Smart Gateway,Hardware,450.0,250,200.0,1,0.0,2026-04-15
TXN0263,CUST029,Smart Gateway,Hardware,900.0,500,400.0,2,0.0,2026-02-14
TXN0264,CUST029,Custom Training Workshop,Services,2500.0,1200,1300.0,1,0.0,2026-03-26
TXN0265,CUST029,Security Suite,Software,800.0,150,650.0,1,0.0,2026-02-10
TXN0266,CUST029,Edge Server,Hardware,7000.0,4400,2600.0,2,0.0,2026-05-17
TXN0267,CUST029,Collaboration Tool,Software,510.0,100,410.0,2,0.15,2026-02-20
TXN0268,CUST029,Smart Gateway,Hardware,360.0,250,110.0,1,0.2,2026-01-13
TXN0269,CUST029,Smart Gateway,Hardware,405.0,250,155.0,1,0.1,2025-10-26
TXN0270,CUST029,Cloud Migration Consultation,Services,4500.0,3000,1500.0,1,0.1,2026-04-13
TXN0271,CUST029,Collaboration Tool,Software,900.0,150,750.0,3,0.0,2025-06-03
TXN0272,CUST030,Edge Server,Hardware,11200.0,8800,2400.0,4,0.2,2025-12-21
TXN0273,CUST030,Cloud Platform,Software,1140.0,200,940.0,1,0.05,2025-09-02
TXN0274,CUST030,Developer Laptop,Hardware,9500.0,6500,3000.0,5,0.05,2025-10-19
TXN0275,CUST031,Enterprise Support (Annual),Services,7200.0,4500,2700.0,1,0.1,2024-08-05
TXN0276,CUST031,Collaboration Tool,Software,540.0,100,440.0,2,0.1,2025-02-22
TXN0277,CUST031,Enterprise Support (Annual),Services,15200.0,9000,6200.0,2,0.05,2024-04-04
TXN0278,CUST031,Security Suite,Software,1520.0,300,1220.0,2,0.05,2026-05-05
TXN0279,CUST031,Smart Gateway,Hardware,450.0,250,200.0,1,0.0,2025-05-10
TXN0280,CUST031,Security Suite,Software,680.0,150,530.0,1,0.15,2024-06-26
TXN0281,CUST031,Developer Laptop,Hardware,1800.0,1300,500.0,1,0.1,2024-03-27
TXN0282,CUST031,Smart Gateway,Hardware,900.0,500,400.0,2,0.0,2025-02-21
TXN0283,CUST031,Smart Gateway,Hardware,427.5,250,177.5,1,0.05,2026-01-19
TXN0284,CUST031,Edge Server,Hardware,3325.0,2200,1125.0,1,0.05,2025-07-10
TXN0285,CUST032,Cloud Migration Consultation,Services,8500.0,6000,2500.0,2,0.15,2025-12-05
TXN0286,CUST032,Cloud Migration Consultation,Services,5000.0,3000,2000.0,1,0.0,2026-01-03
TXN0287,CUST032,Smart Gateway,Hardware,2250.0,1250,1000.0,5,0.0,2025-09-15
TXN0288,CUST032,Enterprise Support (Annual),Services,14400.0,9000,5400.0,2,0.1,2026-06-23
TXN0289,CUST032,Cloud Platform,Software,1140.0,200,940.0,1,0.05,2025-10-18
TXN0290,CUST032,Cloud Platform,Software,1140.0,200,940.0,1,0.05,2025-12-31
TXN0291,CUST032,Security Suite,Software,680.0,150,530.0,1,0.15,2026-03-14
TXN0292,CUST032,Security Suite,Software,1600.0,300,1300.0,2,0.0,2026-02-10
TXN0293,CUST032,Edge Server,Hardware,3325.0,2200,1125.0,1,0.05,2026-03-17
TXN0294,CUST032,Cloud Migration Consultation,Services,4750.0,3000,1750.0,1,0.05,2026-02-17
TXN0295,CUST032,Cloud Migration Consultation,Services,4500.0,3000,1500.0,1,0.1,2025-12-03
TXN0296,CUST032,Cloud Migration Consultation,Services,5000.0,3000,2000.0,1,0.0,2025-10-18
TXN0297,CUST032,Cloud Migration Consultation,Services,20000.0,12000,8000.0,4,0.0,2025-07-31
TXN0298,CUST032,Analytics Engine,Software,1350.0,300,1050.0,1,0.1,2026-02-25
TXN0299,CUST033,Custom Training Workshop,Services,10000.0,4800,5200.0,4,0.0,2026-04-05
TXN0300,CUST033,Developer Laptop,Hardware,1900.0,1300,600.0,1,0.05,2025-07-14
TXN0301,CUST033,Cloud Migration Consultation,Services,10000.0,6000,4000.0,2,0.0,2026-04-26
TXN0302,CUST033,Enterprise Support (Annual),Services,7200.0,4500,2700.0,1,0.1,2024-12-17
TXN0303,CUST033,Cloud Platform,Software,6000.0,1000,5000.0,5,0.0,2025-02-01
TXN0304,CUST033,Enterprise Support (Annual),Services,7200.0,4500,2700.0,1,0.1,2026-06-24
TXN0305,CUST033,Developer Laptop,Hardware,2000.0,1300,700.0,1,0.0,2025-02-26
TXN0306,CUST033,Cloud Platform,Software,3600.0,600,3000.0,3,0.0,2026-06-30
TXN0307,CUST033,Security Suite,Software,760.0,150,610.0,1,0.05,2024-07-04
TXN0308,CUST033,Custom Training Workshop,Services,5000.0,2400,2600.0,2,0.0,2025-09-18
TXN0309,CUST033,Developer Laptop,Hardware,2000.0,1300,700.0,1,0.0,2024-08-02
TXN0310,CUST033,Analytics Engine,Software,1275.0,300,975.0,1,0.15,2024-08-14
TXN0311,CUST033,Smart Gateway,Hardware,427.5,250,177.5,1,0.05,2026-01-28
TXN0312,CUST033,Analytics Engine,Software,3600.0,900,2700.0,3,0.2,2025-05-12
TXN0313,CUST033,Collaboration Tool,Software,300.0,50,250.0,1,0.0,2025-12-03
TXN0314,CUST034,Custom Training Workshop,Services,2500.0,1200,1300.0,1,0.0,2025-10-03
TXN0315,CUST034,Custom Training Workshop,Services,2375.0,1200,1175.0,1,0.05,2025-12-29
TXN0316,CUST034,Developer Laptop,Hardware,2000.0,1300,700.0,1,0.0,2026-06-27
TXN0317,CUST034,Edge Server,Hardware,10500.0,6600,3900.0,3,0.0,2026-04-07
TXN0318,CUST034,Edge Server,Hardware,2800.0,2200,600.0,1,0.2,2025-09-17
TXN0319,CUST034,Cloud Migration Consultation,Services,5000.0,3000,2000.0,1,0.0,2026-04-17
TXN0320,CUST034,Cloud Migration Consultation,Services,18000.0,12000,6000.0,4,0.1,2025-12-22
TXN0321,CUST034,Custom Training Workshop,Services,7500.0,3600,3900.0,3,0.0,2025-08-22
TXN0322,CUST034,Custom Training Workshop,Services,4250.0,2400,1850.0,2,0.15,2026-01-15
TXN0323,CUST034,Custom Training Workshop,Services,5000.0,2400,2600.0,2,0.0,2025-10-10
TXN0324,CUST034,Developer Laptop,Hardware,8000.0,5200,2800.0,4,0.0,2025-10-20
TXN0325,CUST034,Cloud Migration Consultation,Services,9000.0,6000,3000.0,2,0.1,2025-10-11
TXN0326,CUST035,Custom Training Workshop,Services,2125.0,1200,925.0,1,0.15,2026-04-23
TXN0327,CUST035,Developer Laptop,Hardware,1900.0,1300,600.0,1,0.05,2026-03-17
TXN0328,CUST035,Developer Laptop,Hardware,1700.0,1300,400.0,1,0.15,2026-01-26
TXN0329,CUST035,Collaboration Tool,Software,600.0,100,500.0,2,0.0,2026-02-23
TXN0330,CUST035,Developer Laptop,Hardware,1900.0,1300,600.0,1,0.05,2025-12-18
TXN0331,CUST035,Cloud Migration Consultation,Services,4750.0,3000,1750.0,1,0.05,2025-12-22
TXN0332,CUST036,Enterprise Support (Annual),Services,7200.0,4500,2700.0,1,0.0,2026-04-03
TXN0333,CUST036,Cloud Migration Consultation,Services,11475.0,9000,2475.0,3,0.15,2025-09-10
TXN0334,CUST036,Developer Laptop,Hardware,19440.0,15600,3840.0,12,0.1,2025-07-29
TXN0335,CUST036,Analytics Engine,Software,3847.5,900,2947.5,3,0.05,2025-12-02
TXN0336,CUST036,Custom Training Workshop,Services,27000.0,14400,12600.0,12,0.0,2025-02-22
TXN0337,CUST036,Cloud Migration Consultation,Services,18000.0,12000,6000.0,4,0.0,2024-11-02
TXN0338,CUST036,Cloud Platform,Software,2160.0,400,1760.0,2,0.0,2026-05-25
TXN0339,CUST036,Edge Server,Hardware,16065.0,13200,2865.0,6,0.15,2025-11-27
TXN0340,CUST036,Enterprise Support (Annual),Services,20520.0,13500,7020.0,3,0.05,2025-12-25
TXN0341,CUST036,Analytics Engine,Software,2700.0,600,2100.0,2,0.0,2024-08-30
TXN0342,CUST036,Cloud Platform,Software,12960.0,2400,10560.0,12,0.0,2025-11-01
TXN0343,CUST036,Custom Training Workshop,Services,4500.0,2400,2100.0,2,0.0,2025-03-02
TXN0344,CUST037,Developer Laptop,Hardware,2000.0,1300,700.0,1,0.0,2024-11-11
TXN0345,CUST037,Smart Gateway,Hardware,1350.0,750,600.0,3,0.0,2025-04-11
TXN0346,CUST037,Cloud Platform,Software,1200.0,200,1000.0,1,0.0,2026-06-19
TXN0347,CUST037,Cloud Platform,Software,2400.0,400,2000.0,2,0.0,2025-12-23
TXN0348,CUST037,Enterprise Support (Annual),Services,6800.0,4500,2300.0,1,0.15,2025-11-10
TXN0349,CUST037,Cloud Migration Consultation,Services,4250.0,3000,1250.0,1,0.15,2024-11-28
TXN0350,CUST037,Developer Laptop,Hardware,2000.0,1300,700.0,1,0.0,2026-03-26
TXN0351,CUST037,Custom Training Workshop,Services,5000.0,2400,2600.0,2,0.0,2025-06-06
TXN0352,CUST037,Security Suite,Software,720.0,150,570.0,1,0.1,2025-07-11
TXN0353,CUST038,Analytics Engine,Software,1282.5,300,982.5,1,0.05,2026-04-29
TXN0354,CUST038,Custom Training Workshop,Services,6750.0,3600,3150.0,3,0.0,2026-04-25
TXN0355,CUST038,Custom Training Workshop,Services,11250.0,6000,5250.0,5,0.0,2025-11-17
TXN0356,CUST038,Analytics Engine,Software,6480.0,1800,4680.0,6,0.2,2026-02-03
TXN0357,CUST038,Edge Server,Hardware,12600.0,8800,3800.0,4,0.0,2026-04-29
TXN0358,CUST038,Enterprise Support (Annual),Services,20520.0,13500,7020.0,3,0.05,2026-04-08
TXN0359,CUST038,Analytics Engine,Software,8100.0,1800,6300.0,6,0.0,2026-04-20
TXN0360,CUST038,Collaboration Tool,Software,1620.0,300,1320.0,6,0.0,2026-02-22
TXN0361,CUST038,Developer Laptop,Hardware,1530.0,1300,230.0,1,0.15,2026-04-25
TXN0362,CUST038,Developer Laptop,Hardware,1800.0,1300,500.0,1,0.0,2026-05-23
TXN0363,CUST038,Custom Training Workshop,Services,2250.0,1200,1050.0,1,0.0,2026-05-25
TXN0364,CUST038,Cloud Migration Consultation,Services,7650.0,6000,1650.0,2,0.15,2026-04-07
TXN0365,CUST038,Developer Laptop,Hardware,1620.0,1300,320.0,1,0.1,2025-10-14
TXN0366,CUST038,Custom Training Workshop,Services,4500.0,2400,2100.0,2,0.0,2026-02-09
TXN0367,CUST039,Developer Laptop,Hardware,2000.0,1300,700.0,1,0.0,2025-10-08
TXN0368,CUST039,Developer Laptop,Hardware,2000.0,1300,700.0,1,0.0,2025-09-12
TXN0369,CUST039,Collaboration Tool,Software,300.0,50,250.0,1,0.0,2025-08-18
TXN0370,CUST039,Analytics Engine,Software,1500.0,300,1200.0,1,0.0,2025-03-23
TXN0371,CUST039,Developer Laptop,Hardware,1800.0,1300,500.0,1,0.1,2025-12-28
TXN0372,CUST039,Developer Laptop,Hardware,3800.0,2600,1200.0,2,0.05,2025-04-22
TXN0373,CUST039,Edge Server,Hardware,11200.0,8800,2400.0,4,0.2,2026-04-08
TXN0374,CUST040,Custom Training Workshop,Services,2256.25,1200,1056.25,1,0.05,2026-05-23
TXN0375,CUST040,Developer Laptop,Hardware,1710.0,1300,410.0,1,0.1,2025-09-13
TXN0376,CUST040,Security Suite,Software,722.0,150,572.0,1,0.05,2025-11-14
TXN0377,CUST040,Cloud Migration Consultation,Services,19000.0,12000,7000.0,4,0.0,2026-04-26
TXN0378,CUST040,Collaboration Tool,Software,513.0,100,413.0,2,0.1,2026-05-09
TXN0379,CUST040,Smart Gateway,Hardware,406.12,250,156.12,1,0.05,2025-06-16
TXN0380,CUST040,Smart Gateway,Hardware,427.5,250,177.5,1,0.0,2025-09-12
TXN0381,CUST041,Smart Gateway,Hardware,450.0,250,200.0,1,0.0,2025-09-13
TXN0382,CUST041,Enterprise Support (Annual),Services,7200.0,4500,2700.0,1,0.1,2026-04-23
TXN0383,CUST041,Custom Training Workshop,Services,2125.0,1200,925.0,1,0.15,2026-02-07
TXN0384,CUST041,Analytics Engine,Software,1425.0,300,1125.0,1,0.05,2025-10-01
TXN0385,CUST041,Custom Training Workshop,Services,4000.0,2400,1600.0,2,0.2,2026-05-22
TXN0386,CUST041,Edge Server,Hardware,3500.0,2200,1300.0,1,0.0,2026-01-23
TXN0387,CUST041,Custom Training Workshop,Services,2375.0,1200,1175.0,1,0.05,2026-04-25
TXN0388,CUST041,Developer Laptop,Hardware,1800.0,1300,500.0,1,0.1,2025-11-28
TXN0389,CUST041,Custom Training Workshop,Services,2000.0,1200,800.0,1,0.2,2026-06-04
TXN0390,CUST042,Developer Laptop,Hardware,8000.0,5200,2800.0,4,0.0,2025-04-14
TXN0391,CUST042,Cloud Migration Consultation,Services,5000.0,3000,2000.0,1,0.0,2026-04-21
TXN0392,CUST042,Collaboration Tool,Software,300.0,50,250.0,1,0.0,2026-03-28
TXN0393,CUST042,Enterprise Support (Annual),Services,8000.0,4500,3500.0,1,0.0,2026-02-24
TXN0394,CUST042,Cloud Migration Consultation,Services,5000.0,3000,2000.0,1,0.0,2026-04-10
TXN0395,CUST042,Cloud Migration Consultation,Services,18000.0,12000,6000.0,4,0.1,2025-04-16
TXN0396,CUST042,Security Suite,Software,800.0,150,650.0,1,0.0,2025-11-11
TXN0397,CUST042,Collaboration Tool,Software,600.0,100,500.0,2,0.0,2025-10-14
TXN0398,CUST042,Developer Laptop,Hardware,1900.0,1300,600.0,1,0.05,2026-01-22
TXN0399,CUST042,Smart Gateway,Hardware,450.0,250,200.0,1,0.0,2025-06-01
TXN0400,CUST043,Smart Gateway,Hardware,1350.0,750,600.0,3,0.0,2025-07-26
TXN0401,CUST043,Cloud Migration Consultation,Services,5000.0,3000,2000.0,1,0.0,2025-04-11
TXN0402,CUST043,Smart Gateway,Hardware,1282.5,750,532.5,3,0.05,2025-04-23
TXN0403,CUST043,Enterprise Support (Annual),Services,15200.0,9000,6200.0,2,0.05,2025-11-13
TXN0404,CUST043,Developer Laptop,Hardware,3600.0,2600,1000.0,2,0.1,2025-12-19
TXN0405,CUST043,Custom Training Workshop,Services,2500.0,1200,1300.0,1,0.0,2025-10-28
TXN0406,CUST044,Edge Server,Hardware,3325.0,2200,1125.0,1,0.05,2024-10-26
TXN0407,CUST044,Developer Laptop,Hardware,1900.0,1300,600.0,1,0.05,2025-08-01
TXN0408,CUST044,Collaboration Tool,Software,570.0,100,470.0,2,0.05,2025-05-03
TXN0409,CUST044,Security Suite,Software,800.0,150,650.0,1,0.0,2025-12-16
TXN0410,CUST045,Cloud Migration Consultation,Services,12000.0,9000,3000.0,3,0.2,2025-07-26
TXN0411,CUST045,Security Suite,Software,1920.0,450,1470.0,3,0.2,2025-08-30
TXN0412,CUST045,Enterprise Support (Annual),Services,8000.0,4500,3500.0,1,0.0,2025-09-20
TXN0413,CUST045,Developer Laptop,Hardware,1900.0,1300,600.0,1,0.05,2026-04-18
TXN0414,CUST045,Analytics Engine,Software,1500.0,300,1200.0,1,0.0,2026-06-09
TXN0415,CUST045,Collaboration Tool,Software,270.0,50,220.0,1,0.1,2025-02-10
TXN0416,CUST045,Custom Training Workshop,Services,2500.0,1200,1300.0,1,0.0,2025-09-10
TXN0417,CUST045,Enterprise Support (Annual),Services,7200.0,4500,2700.0,1,0.1,2026-06-23
TXN0418,CUST046,Smart Gateway,Hardware,450.0,250,200.0,1,0.0,2026-05-29
TXN0419,CUST046,Cloud Migration Consultation,Services,4000.0,3000,1000.0,1,0.2,2026-06-15
TXN0420,CUST046,Developer Laptop,Hardware,6000.0,3900,2100.0,3,0.0,2025-08-26
TXN0421,CUST046,Security Suite,Software,2280.0,450,1830.0,3,0.05,2024-09-20
TXN0422,CUST046,Custom Training Workshop,Services,5000.0,2400,2600.0,2,0.0,2025-05-17
TXN0423,CUST046,Security Suite,Software,2280.0,450,1830.0,3,0.05,2024-10-12
TXN0424,CUST046,Smart Gateway,Hardware,450.0,250,200.0,1,0.0,2025-11-19
TXN0425,CUST046,Developer Laptop,Hardware,1600.0,1300,300.0,1,0.2,2026-05-13
TXN0426,CUST046,Cloud Migration Consultation,Services,4500.0,3000,1500.0,1,0.1,2025-10-31
TXN0427,CUST046,Analytics Engine,Software,4500.0,900,3600.0,3,0.0,2025-07-18
TXN0428,CUST046,Security Suite,Software,1440.0,300,1140.0,2,0.1,2024-10-05
TXN0429,CUST046,Developer Laptop,Hardware,1900.0,1300,600.0,1,0.05,2026-04-15
TXN0430,CUST046,Developer Laptop,Hardware,1900.0,1300,600.0,1,0.05,2026-02-24
TXN0431,CUST046,Smart Gateway,Hardware,855.0,500,355.0,2,0.05,2024-08-26
TXN0432,CUST046,Developer Laptop,Hardware,2000.0,1300,700.0,1,0.0,2025-06-04
TXN0433,CUST047,Collaboration Tool,Software,541.5,100,441.5,2,0.05,2026-04-07
TXN0434,CUST047,Enterprise Support (Annual),Services,7600.0,4500,3100.0,1,0.0,2024-05-21
TXN0435,CUST047,Developer Laptop,Hardware,1900.0,1300,600.0,1,0.0,2024-10-20
TXN0436,CUST047,Cloud Migration Consultation,Services,4750.0,3000,1750.0,1,0.0,2025-09-29
TXN0437,CUST047,Cloud Migration Consultation,Services,4512.5,3000,1512.5,1,0.05,2025-03-04
TXN0438,CUST047,Cloud Platform,Software,4560.0,800,3760.0,4,0.0,2025-07-01
TXN0439,CUST047,Collaboration Tool,Software,270.75,50,220.75,1,0.05,2025-06-28
TXN0440,CUST047,Enterprise Support (Annual),Services,6460.0,4500,1960.0,1,0.15,2024-07-31
TXN0441,CUST047,Analytics Engine,Software,1425.0,300,1125.0,1,0.0,2024-12-23
TXN0442,CUST047,Cloud Platform,Software,1140.0,200,940.0,1,0.0,2026-01-11
TXN0443,CUST047,Collaboration Tool,Software,513.0,100,413.0,2,0.1,2026-03-04
TXN0444,CUST047,Collaboration Tool,Software,270.75,50,220.75,1,0.05,2024-03-19
TXN0445,CUST047,Enterprise Support (Annual),Services,7220.0,4500,2720.0,1,0.05,2025-08-31
TXN0446,CUST047,Smart Gateway,Hardware,427.5,250,177.5,1,0.0,2024-07-19
TXN0447,CUST047,Cloud Platform,Software,1140.0,200,940.0,1,0.0,2025-04-14
TXN0448,CUST048,Edge Server,Hardware,18900.0,13200,5700.0,6,0.0,2025-09-15
TXN0449,CUST048,Cloud Migration Consultation,Services,9000.0,6000,3000.0,2,0.0,2026-04-04
TXN0450,CUST048,Custom Training Workshop,Services,4275.0,2400,1875.0,2,0.05,2025-10-24
TXN0451,CUST048,Cloud Platform,Software,2916.0,600,2316.0,3,0.1,2026-02-18
TXN0452,CUST048,Enterprise Support (Annual),Services,14400.0,9000,5400.0,2,0.0,2026-05-04
TXN0453,CUST048,Analytics Engine,Software,2565.0,600,1965.0,2,0.05,2025-09-16
TXN0454,CUST048,Custom Training Workshop,Services,6750.0,3600,3150.0,3,0.0,2026-05-10
TXN0455,CUST049,Security Suite,Software,2736.0,600,2136.0,4,0.05,2025-10-13
TXN0456,CUST049,Collaboration Tool,Software,270.0,50,220.0,1,0.0,2026-06-17
TXN0457,CUST049,Cloud Platform,Software,10800.0,2000,8800.0,10,0.0,2026-03-12
TXN0458,CUST049,Developer Laptop,Hardware,1620.0,1300,320.0,1,0.1,2026-02-27
TXN0459,CUST049,Cloud Platform,Software,1080.0,200,880.0,1,0.0,2026-06-10
TXN0460,CUST049,Collaboration Tool,Software,729.0,150,579.0,3,0.1,2025-06-01
TXN0461,CUST049,Developer Laptop,Hardware,3420.0,2600,820.0,2,0.05,2026-06-08
TXN0462,CUST049,Cloud Migration Consultation,Services,9000.0,6000,3000.0,2,0.0,2026-02-11
TXN0463,CUST049,Analytics Engine,Software,3645.0,900,2745.0,3,0.1,2025-08-24
TXN0464,CUST049,Custom Training Workshop,Services,6750.0,3600,3150.0,3,0.0,2026-04-09
TXN0465,CUST049,Security Suite,Software,1440.0,300,1140.0,2,0.0,2025-09-11
TXN0466,CUST049,Cloud Migration Consultation,Services,12825.0,9000,3825.0,3,0.05,2026-03-21
TXN0467,CUST049,Cloud Platform,Software,6480.0,1200,5280.0,6,0.0,2025-08-09
TXN0468,CUST050,Custom Training Workshop,Services,4500.0,2400,2100.0,2,0.1,2025-06-07
TXN0469,CUST050,Edge Server,Hardware,5950.0,4400,1550.0,2,0.15,2024-12-04
TXN0470,CUST050,Analytics Engine,Software,4500.0,900,3600.0,3,0.0,2024-10-15
TXN0471,CUST050,Smart Gateway,Hardware,2137.5,1250,887.5,5,0.05,2024-08-21
TXN0472,CUST050,Smart Gateway,Hardware,450.0,250,200.0,1,0.0,2025-11-07
TXN0473,CUST050,Analytics Engine,Software,1350.0,300,1050.0,1,0.1,2026-01-18
TXN0474,CUST050,Custom Training Workshop,Services,2250.0,1200,1050.0,1,0.1,2026-01-25
TXN0475,CUST050,Cloud Platform,Software,1200.0,200,1000.0,1,0.0,2024-06-19
TXN0476,CUST050,Security Suite,Software,2720.0,600,2120.0,4,0.15,2025-07-14
TXN0477,CUST050,Custom Training Workshop,Services,5000.0,2400,2600.0,2,0.0,2026-01-04
TXN0478,CUST051,Enterprise Support (Annual),Services,7600.0,4500,3100.0,1,0.0,2025-11-09
TXN0479,CUST051,Cloud Platform,Software,1026.0,200,826.0,1,0.1,2025-10-17
TXN0480,CUST051,Edge Server,Hardware,8478.75,6600,1878.75,3,0.15,2025-05-03
TXN0481,CUST051,Developer Laptop,Hardware,1900.0,1300,600.0,1,0.0,2026-05-11
TXN0482,CUST051,Analytics Engine,Software,1425.0,300,1125.0,1,0.0,2025-10-15
TXN0483,CUST051,Collaboration Tool,Software,228.0,50,178.0,1,0.2,2026-02-22
TXN0484,CUST052,Custom Training Workshop,Services,4500.0,2400,2100.0,2,0.0,2025-05-18
TXN0485,CUST052,Security Suite,Software,1944.0,450,1494.0,3,0.1,2025-12-23
TXN0486,CUST052,Edge Server,Hardware,11340.0,8800,2540.0,4,0.1,2024-11-08
TXN0487,CUST052,Security Suite,Software,720.0,150,570.0,1,0.0,2025-09-09
TXN0488,CUST052,Analytics Engine,Software,1147.5,300,847.5,1,0.15,2024-12-30
TXN0489,CUST052,Smart Gateway,Hardware,1944.0,1500,444.0,6,0.2,2026-04-15
TXN0490,CUST052,Cloud Migration Consultation,Services,12150.0,9000,3150.0,3,0.1,2025-01-24
TXN0491,CUST052,Custom Training Workshop,Services,5400.0,3600,1800.0,3,0.2,2025-01-14
TXN0492,CUST052,Developer Laptop,Hardware,9720.0,7800,1920.0,6,0.1,2025-06-29
TXN0493,CUST052,Developer Laptop,Hardware,1530.0,1300,230.0,1,0.15,2025-09-29
TXN0494,CUST052,Cloud Migration Consultation,Services,4500.0,3000,1500.0,1,0.0,2025-03-18
TXN0495,CUST052,Edge Server,Hardware,3150.0,2200,950.0,1,0.0,2025-09-16
TXN0496,CUST052,Edge Server,Hardware,9450.0,6600,2850.0,3,0.0,2026-02-16
TXN0497,CUST052,Analytics Engine,Software,4050.0,900,3150.0,3,0.0,2024-12-10
TXN0498,CUST052,Smart Gateway,Hardware,810.0,500,310.0,2,0.0,2025-10-29
TXN0499,CUST053,Developer Laptop,Hardware,1900.0,1300,600.0,1,0.05,2024-03-30
TXN0500,CUST053,Edge Server,Hardware,10500.0,6600,3900.0,3,0.0,2024-06-03
TXN0501,CUST053,Security Suite,Software,720.0,150,570.0,1,0.1,2024-03-11
TXN0502,CUST053,Custom Training Workshop,Services,10000.0,4800,5200.0,4,0.0,2025-03-15
TXN0503,CUST053,Edge Server,Hardware,3500.0,2200,1300.0,1,0.0,2025-10-20
TXN0504,CUST054,Cloud Platform,Software,4320.0,800,3520.0,4,0.1,2026-02-09
TXN0505,CUST054,Cloud Platform,Software,4800.0,800,4000.0,4,0.0,2025-12-13
TXN0506,CUST054,Smart Gateway,Hardware,450.0,250,200.0,1,0.0,2026-04-16
TXN0507,CUST054,Edge Server,Hardware,2975.0,2200,775.0,1,0.15,2026-06-11
TXN0508,CUST054,Developer Laptop,Hardware,6000.0,3900,2100.0,3,0.0,2025-11-14
TXN0509,CUST054,Cloud Migration Consultation,Services,10000.0,6000,4000.0,2,0.0,2026-05-10
TXN0510,CUST054,Edge Server,Hardware,3500.0,2200,1300.0,1,0.0,2026-04-04
TXN0511,CUST054,Security Suite,Software,1440.0,300,1140.0,2,0.1,2026-01-27
TXN0512,CUST054,Smart Gateway,Hardware,427.5,250,177.5,1,0.05,2025-07-06
TXN0513,CUST054,Smart Gateway,Hardware,450.0,250,200.0,1,0.0,2026-03-02
TXN0514,CUST054,Analytics Engine,Software,1500.0,300,1200.0,1,0.0,2025-09-27
TXN0515,CUST054,Collaboration Tool,Software,270.0,50,220.0,1,0.1,2025-11-17
TXN0516,CUST054,Cloud Platform,Software,1200.0,200,1000.0,1,0.0,2025-10-24
TXN0517,CUST055,Cloud Migration Consultation,Services,8500.0,6000,2500.0,2,0.15,2026-06-24
TXN0518,CUST055,Developer Laptop,Hardware,6400.0,5200,1200.0,4,0.2,2025-10-21
TXN0519,CUST055,Security Suite,Software,720.0,150,570.0,1,0.1,2024-09-04
TXN0520,CUST055,Smart Gateway,Hardware,405.0,250,155.0,1,0.1,2026-02-23
TXN0521,CUST055,Cloud Migration Consultation,Services,5000.0,3000,2000.0,1,0.0,2025-10-13
TXN0522,CUST055,Smart Gateway,Hardware,450.0,250,200.0,1,0.0,2026-06-18
TXN0523,CUST055,Security Suite,Software,1600.0,300,1300.0,2,0.0,2024-06-11
TXN0524,CUST055,Analytics Engine,Software,6000.0,1200,4800.0,4,0.0,2025-07-13
TXN0525,CUST055,Smart Gateway,Hardware,405.0,250,155.0,1,0.1,2024-07-22
TXN0526,CUST055,Cloud Platform,Software,1080.0,200,880.0,1,0.1,2025-02-05
TXN0527,CUST055,Analytics Engine,Software,6000.0,1200,4800.0,4,0.0,2024-08-03
TXN0528,CUST056,Cloud Migration Consultation,Services,4750.0,3000,1750.0,1,0.0,2026-02-24
TXN0529,CUST056,Enterprise Support (Annual),Services,12160.0,9000,3160.0,2,0.2,2025-10-25
TXN0530,CUST056,Analytics Engine,Software,1353.75,300,1053.75,1,0.05,2026-01-15
TXN0531,CUST056,Developer Laptop,Hardware,3800.0,2600,1200.0,2,0.0,2025-11-03
TXN0532,CUST056,Cloud Migration Consultation,Services,16150.0,12000,4150.0,4,0.15,2025-11-04
TXN0533,CUST056,Cloud Migration Consultation,Services,4750.0,3000,1750.0,1,0.0,2026-02-22
TXN0534,CUST056,Cloud Platform,Software,4560.0,800,3760.0,4,0.0,2026-06-15
TXN0535,CUST056,Analytics Engine,Software,7125.0,1500,5625.0,5,0.0,2025-09-14
TXN0536,CUST056,Custom Training Workshop,Services,4037.5,2400,1637.5,2,0.15,2025-09-20
TXN0537,CUST056,Analytics Engine,Software,1353.75,300,1053.75,1,0.05,2026-03-22
TXN0538,CUST056,Edge Server,Hardware,6650.0,4400,2250.0,2,0.0,2026-02-01
TXN0539,CUST056,Enterprise Support (Annual),Services,25840.0,18000,7840.0,4,0.15,2026-03-18
TXN0540,CUST056,Developer Laptop,Hardware,1900.0,1300,600.0,1,0.0,2026-04-15
TXN0541,CUST057,Custom Training Workshop,Services,5000.0,2400,2600.0,2,0.0,2026-04-12
TXN0542,CUST057,Cloud Platform,Software,1200.0,200,1000.0,1,0.0,2025-10-22
TXN0543,CUST057,Analytics Engine,Software,1500.0,300,1200.0,1,0.0,2025-04-27
TXN0544,CUST057,Cloud Platform,Software,960.0,200,760.0,1,0.2,2026-03-14
TXN0545,CUST057,Smart Gateway,Hardware,382.5,250,132.5,1,0.15,2026-06-05
TXN0546,CUST057,Enterprise Support (Annual),Services,8000.0,4500,3500.0,1,0.0,2025-05-28
TXN0547,CUST057,Collaboration Tool,Software,540.0,100,440.0,2,0.1,2025-06-18
TXN0548,CUST057,Enterprise Support (Annual),Services,16000.0,9000,7000.0,2,0.0,2026-03-13
TXN0549,CUST057,Collaboration Tool,Software,270.0,50,220.0,1,0.1,2025-04-23
TXN0550,CUST057,Analytics Engine,Software,1500.0,300,1200.0,1,0.0,2025-05-22
TXN0551,CUST058,Enterprise Support (Annual),Services,8000.0,4500,3500.0,1,0.0,2026-04-29
TXN0552,CUST058,Enterprise Support (Annual),Services,40000.0,22500,17500.0,5,0.0,2025-01-18
TXN0553,CUST058,Developer Laptop,Hardware,1700.0,1300,400.0,1,0.15,2024-11-23
TXN0554,CUST058,Collaboration Tool,Software,255.0,50,205.0,1,0.15,2025-04-25
TXN0555,CUST058,Collaboration Tool,Software,300.0,50,250.0,1,0.0,2025-08-10
TXN0556,CUST058,Analytics Engine,Software,1500.0,300,1200.0,1,0.0,2025-04-23
TXN0557,CUST058,Cloud Platform,Software,2160.0,400,1760.0,2,0.1,2026-06-11
TXN0558,CUST058,Cloud Migration Consultation,Services,4500.0,3000,1500.0,1,0.1,2025-09-24
TXN0559,CUST058,Smart Gateway,Hardware,765.0,500,265.0,2,0.15,2026-01-14
TXN0560,CUST058,Collaboration Tool,Software,300.0,50,250.0,1,0.0,2026-03-06
TXN0561,CUST058,Custom Training Workshop,Services,9000.0,4800,4200.0,4,0.1,2024-09-01
TXN0562,CUST058,Cloud Migration Consultation,Services,4500.0,3000,1500.0,1,0.1,2026-06-21
TXN0563,CUST058,Security Suite,Software,2400.0,450,1950.0,3,0.0,2025-01-21
TXN0564,CUST059,Enterprise Support (Annual),Services,6840.0,4500,2340.0,1,0.1,2025-12-08
TXN0565,CUST059,Enterprise Support (Annual),Services,6840.0,4500,2340.0,1,0.1,2025-12-25
TXN0566,CUST059,Cloud Platform,Software,1140.0,200,940.0,1,0.0,2026-06-12
TXN0567,CUST059,Smart Gateway,Hardware,363.38,250,113.38,1,0.15,2026-02-09
TXN0568,CUST059,Custom Training Workshop,Services,2137.5,1200,937.5,1,0.1,2026-06-07
TXN0569,CUST059,Edge Server,Hardware,3158.75,2200,958.75,1,0.05,2025-12-16
TXN0570,CUST059,Cloud Platform,Software,1140.0,200,940.0,1,0.0,2026-05-31
TXN0571,CUST059,Enterprise Support (Annual),Services,22800.0,13500,9300.0,3,0.0,2026-01-30
TXN0572,CUST059,Smart Gateway,Hardware,855.0,500,355.0,2,0.0,2026-05-04
TXN0573,CUST060,Collaboration Tool,Software,255.0,50,205.0,1,0.15,2025-05-01
TXN0574,CUST060,Cloud Migration Consultation,Services,5000.0,3000,2000.0,1,0.0,2025-02-17
TXN0575,CUST060,Edge Server,Hardware,3150.0,2200,950.0,1,0.1,2024-12-15
TXN0576,CUST060,Developer Laptop,Hardware,5700.0,3900,1800.0,3,0.05,2025-01-27
TXN0577,CUST060,Analytics Engine,Software,7500.0,1500,6000.0,5,0.0,2024-11-03
TXN0578,CUST060,Smart Gateway,Hardware,427.5,250,177.5,1,0.05,2025-02-06
TXN0579,CUST060,Edge Server,Hardware,14000.0,8800,5200.0,4,0.0,2024-09-23
TXN0580,CUST061,Edge Server,Hardware,3150.0,2200,950.0,1,0.0,2026-01-16
TXN0581,CUST061,Edge Server,Hardware,16065.0,13200,2865.0,6,0.15,2026-01-06
TXN0582,CUST061,Security Suite,Software,1944.0,450,1494.0,3,0.1,2024-09-04
TXN0583,CUST061,Collaboration Tool,Software,486.0,100,386.0,2,0.1,2025-04-18
TXN0584,CUST061,Developer Laptop,Hardware,4590.0,3900,690.0,3,0.15,2025-05-13
TXN0585,CUST061,Analytics Engine,Software,2700.0,600,2100.0,2,0.0,2024-09-06
TXN0586,CUST061,Custom Training Workshop,Services,2025.0,1200,825.0,1,0.1,2025-12-04
TXN0587,CUST061,Custom Training Workshop,Services,2250.0,1200,1050.0,1,0.0,2025-04-27
TXN0588,CUST061,Cloud Migration Consultation,Services,40500.0,27000,13500.0,9,0.0,2025-01-19
TXN0589,CUST061,Smart Gateway,Hardware,344.25,250,94.25,1,0.15,2025-03-05
TXN0590,CUST062,Collaboration Tool,Software,1140.0,200,940.0,4,0.05,2026-02-07
TXN0591,CUST062,Security Suite,Software,720.0,150,570.0,1,0.1,2025-11-16
TXN0592,CUST062,Custom Training Workshop,Services,5000.0,2400,2600.0,2,0.0,2025-01-17
TXN0593,CUST062,Developer Laptop,Hardware,2000.0,1300,700.0,1,0.0,2025-03-31
TXN0594,CUST062,Custom Training Workshop,Services,2500.0,1200,1300.0,1,0.0,2026-02-02
TXN0595,CUST062,Enterprise Support (Annual),Services,7600.0,4500,3100.0,1,0.05,2025-08-16
TXN0596,CUST062,Smart Gateway,Hardware,450.0,250,200.0,1,0.0,2024-12-25
TXN0597,CUST062,Enterprise Support (Annual),Services,24000.0,13500,10500.0,3,0.0,2024-12-19
TXN0598,CUST062,Enterprise Support (Annual),Services,7600.0,4500,3100.0,1,0.05,2026-03-09
TXN0599,CUST062,Collaboration Tool,Software,570.0,100,470.0,2,0.05,2024-11-12
TXN0600,CUST062,Collaboration Tool,Software,1500.0,250,1250.0,5,0.0,2026-03-19
TXN0601,CUST062,Developer Laptop,Hardware,3800.0,2600,1200.0,2,0.05,2025-05-13
TXN0602,CUST062,Analytics Engine,Software,3000.0,600,2400.0,2,0.0,2025-10-17
TXN0603,CUST062,Enterprise Support (Annual),Services,30400.0,18000,12400.0,4,0.05,2025-09-09
TXN0604,CUST062,Edge Server,Hardware,8925.0,6600,2325.0,3,0.15,2025-08-12
TXN0605,CUST063,Collaboration Tool,Software,486.0,100,386.0,2,0.1,2025-12-07
TXN0606,CUST063,Analytics Engine,Software,2700.0,600,2100.0,2,0.0,2026-04-22
TXN0607,CUST063,Developer Laptop,Hardware,5400.0,3900,1500.0,3,0.0,2025-12-14
TXN0608,CUST063,Edge Server,Hardware,26932.5,19800,7132.5,9,0.05,2025-09-08
TXN0609,CUST063,Collaboration Tool,Software,2430.0,450,1980.0,9,0.0,2026-05-23
TXN0610,CUST064,Enterprise Support (Annual),Services,6800.0,4500,2300.0,1,0.15,2026-02-01
TXN0611,CUST064,Security Suite,Software,640.0,150,490.0,1,0.2,2025-10-06
TXN0612,CUST064,Analytics Engine,Software,4500.0,900,3600.0,3,0.0,2026-03-12
TXN0613,CUST064,Developer Laptop,Hardware,4000.0,2600,1400.0,2,0.0,2025-08-31
TXN0614,CUST064,Cloud Platform,Software,1200.0,200,1000.0,1,0.0,2026-06-10
TXN0615,CUST064,Cloud Migration Consultation,Services,4500.0,3000,1500.0,1,0.1,2025-10-15
TXN0616,CUST064,Collaboration Tool,Software,600.0,100,500.0,2,0.0,2025-09-04
TXN0617,CUST064,Edge Server,Hardware,3500.0,2200,1300.0,1,0.0,2026-03-22
TXN0618,CUST064,Analytics Engine,Software,2850.0,600,2250.0,2,0.05,2026-01-28
TXN0619,CUST064,Cloud Migration Consultation,Services,10000.0,6000,4000.0,2,0.0,2025-07-30
TXN0620,CUST064,Edge Server,Hardware,3325.0,2200,1125.0,1,0.05,2026-01-13
TXN0621,CUST064,Cloud Platform,Software,3600.0,600,3000.0,3,0.0,2025-12-24
TXN0622,CUST064,Smart Gateway,Hardware,427.5,250,177.5,1,0.05,2025-12-16
TXN0623,CUST065,Analytics Engine,Software,7125.0,1500,5625.0,5,0.0,2026-03-23
TXN0624,CUST065,Security Suite,Software,2584.0,600,1984.0,4,0.15,2026-05-27
TXN0625,CUST065,Security Suite,Software,608.0,150,458.0,1,0.2,2025-06-06
TXN0626,CUST065,Cloud Migration Consultation,Services,4750.0,3000,1750.0,1,0.0,2024-11-21
TXN0627,CUST065,Custom Training Workshop,Services,4750.0,2400,2350.0,2,0.0,2025-04-29
TXN0628,CUST065,Smart Gateway,Hardware,812.25,500,312.25,2,0.05,2026-02-03
TXN0629,CUST065,Cloud Migration Consultation,Services,9500.0,6000,3500.0,2,0.0,2024-06-07
TXN0630,CUST065,Collaboration Tool,Software,285.0,50,235.0,1,0.0,2026-03-26
TXN0631,CUST065,Smart Gateway,Hardware,406.12,250,156.12,1,0.05,2025-01-02
TXN0632,CUST066,Developer Laptop,Hardware,3610.0,2600,1010.0,2,0.05,2024-08-12
TXN0633,CUST066,Custom Training Workshop,Services,4750.0,2400,2350.0,2,0.0,2025-05-06
TXN0634,CUST066,Custom Training Workshop,Services,4750.0,2400,2350.0,2,0.0,2024-11-18
TXN0635,CUST066,Edge Server,Hardware,5985.0,4400,1585.0,2,0.1,2024-11-19
TXN0636,CUST066,Analytics Engine,Software,2850.0,600,2250.0,2,0.0,2026-01-20
TXN0637,CUST066,Enterprise Support (Annual),Services,28880.0,18000,10880.0,4,0.05,2024-09-12
TXN0638,CUST066,Edge Server,Hardware,3158.75,2200,958.75,1,0.05,2025-12-08
TXN0639,CUST066,Custom Training Workshop,Services,2018.75,1200,818.75,1,0.15,2024-11-24
TXN0640,CUST066,Cloud Platform,Software,4332.0,800,3532.0,4,0.05,2026-01-08
TXN0641,CUST066,Developer Laptop,Hardware,1900.0,1300,600.0,1,0.0,2025-11-13
TXN0642,CUST066,Analytics Engine,Software,1353.75,300,1053.75,1,0.05,2025-01-28
TXN0643,CUST066,Cloud Migration Consultation,Services,4275.0,3000,1275.0,1,0.1,2025-10-13
TXN0644,CUST066,Security Suite,Software,1520.0,300,1220.0,2,0.0,2024-09-18
TXN0645,CUST067,Enterprise Support (Annual),Services,24000.0,13500,10500.0,3,0.0,2025-12-06
TXN0646,CUST067,Cloud Platform,Software,960.0,200,760.0,1,0.2,2025-08-30
TXN0647,CUST067,Smart Gateway,Hardware,1215.0,750,465.0,3,0.1,2025-06-19
TXN0648,CUST067,Security Suite,Software,1600.0,300,1300.0,2,0.0,2025-03-03
TXN0649,CUST067,Collaboration Tool,Software,1200.0,200,1000.0,4,0.0,2025-02-24
TXN0650,CUST067,Enterprise Support (Annual),Services,8000.0,4500,3500.0,1,0.0,2026-04-19
TXN0651,CUST067,Cloud Migration Consultation,Services,12750.0,9000,3750.0,3,0.15,2025-09-16
TXN0652,CUST067,Developer Laptop,Hardware,2000.0,1300,700.0,1,0.0,2025-01-25
TXN0653,CUST068,Smart Gateway,Hardware,405.0,250,155.0,1,0.1,2024-04-19
TXN0654,CUST068,Custom Training Workshop,Services,2375.0,1200,1175.0,1,0.05,2026-01-09
TXN0655,CUST068,Smart Gateway,Hardware,405.0,250,155.0,1,0.1,2025-12-31
TXN0656,CUST069,Custom Training Workshop,Services,2500.0,1200,1300.0,1,0.0,2025-12-12
TXN0657,CUST069,Cloud Platform,Software,1020.0,200,820.0,1,0.15,2025-10-24
TXN0658,CUST069,Developer Laptop,Hardware,6000.0,3900,2100.0,3,0.0,2026-02-24
TXN0659,CUST069,Edge Server,Hardware,3500.0,2200,1300.0,1,0.0,2026-02-10
TXN0660,CUST070,Custom Training Workshop,Services,2250.0,1200,1050.0,1,0.1,2024-12-08
TXN0661,CUST070,Developer Laptop,Hardware,6000.0,3900,2100.0,3,0.0,2024-07-13
TXN0662,CUST070,Developer Laptop,Hardware,2000.0,1300,700.0,1,0.0,2025-09-16
TXN0663,CUST070,Cloud Platform,Software,1200.0,200,1000.0,1,0.0,2026-02-22
TXN0664,CUST070,Cloud Platform,Software,1920.0,400,1520.0,2,0.2,2025-11-07
TXN0665,CUST070,Smart Gateway,Hardware,427.5,250,177.5,1,0.05,2026-02-05
TXN0666,CUST070,Developer Laptop,Hardware,5400.0,3900,1500.0,3,0.1,2025-08-04
TXN0667,CUST070,Smart Gateway,Hardware,855.0,500,355.0,2,0.05,2025-08-02
TXN0668,CUST070,Enterprise Support (Annual),Services,16000.0,9000,7000.0,2,0.0,2026-04-27
TXN0669,CUST070,Cloud Migration Consultation,Services,5000.0,3000,2000.0,1,0.0,2026-06-10
TXN0670,CUST070,Smart Gateway,Hardware,405.0,250,155.0,1,0.1,2026-02-01
TXN0671,CUST071,Edge Server,Hardware,9450.0,6600,2850.0,3,0.1,2025-11-11
TXN0672,CUST071,Analytics Engine,Software,3000.0,600,2400.0,2,0.0,2026-03-16
TXN0673,CUST071,Collaboration Tool,Software,900.0,150,750.0,3,0.0,2026-03-08
TXN0674,CUST072,Edge Server,Hardware,35910.0,26400,9510.0,12,0.05,2025-03-01
TXN0675,CUST072,Smart Gateway,Hardware,1215.0,750,465.0,3,0.0,2026-02-15
TXN0676,CUST072,Cloud Platform,Software,1944.0,400,1544.0,2,0.1,2026-04-05
TXN0677,CUST072,Cloud Migration Consultation,Services,8100.0,6000,2100.0,2,0.1,2026-03-20
TXN0678,CUST072,Collaboration Tool,Software,1377.0,300,1077.0,6,0.15,2025-03-22
TXN0679,CUST072,Developer Laptop,Hardware,24300.0,19500,4800.0,15,0.1,2026-04-11
TXN0680,CUST072,Developer Laptop,Hardware,16200.0,13000,3200.0,10,0.1,2025-08-18
TXN0681,CUST072,Smart Gateway,Hardware,2308.5,1500,808.5,6,0.05,2025-04-01
TXN0682,CUST073,Smart Gateway,Hardware,812.25,500,312.25,2,0.05,2026-03-26
TXN0683,CUST073,Security Suite,Software,1520.0,300,1220.0,2,0.0,2025-04-22
TXN0684,CUST073,Cloud Migration Consultation,Services,22562.5,15000,7562.5,5,0.05,2025-08-31
TXN0685,CUST073,Custom Training Workshop,Services,4750.0,2400,2350.0,2,0.0,2025-03-13
TXN0686,CUST073,Smart Gateway,Hardware,406.12,250,156.12,1,0.05,2025-01-08
TXN0687,CUST073,Custom Training Workshop,Services,6768.75,3600,3168.75,3,0.05,2025-11-13
TXN0688,CUST073,Cloud Platform,Software,1140.0,200,940.0,1,0.0,2025-11-18
TXN0689,CUST073,Analytics Engine,Software,2850.0,600,2250.0,2,0.0,2024-11-08
TXN0690,CUST073,Enterprise Support (Annual),Services,7600.0,4500,3100.0,1,0.0,2025-07-02
TXN0691,CUST073,Cloud Platform,Software,1140.0,200,940.0,1,0.0,2025-07-11
TXN0692,CUST073,Custom Training Workshop,Services,2375.0,1200,1175.0,1,0.0,2026-06-04
TXN0693,CUST073,Edge Server,Hardware,2992.5,2200,792.5,1,0.1,2026-04-09
TXN0694,CUST073,Custom Training Workshop,Services,2375.0,1200,1175.0,1,0.0,2025-07-03
TXN0695,CUST073,Enterprise Support (Annual),Services,30400.0,18000,12400.0,4,0.0,2025-11-12
TXN0696,CUST074,Collaboration Tool,Software,765.0,150,615.0,3,0.15,2025-02-19
TXN0697,CUST074,Custom Training Workshop,Services,2375.0,1200,1175.0,1,0.05,2026-05-29
TXN0698,CUST074,Security Suite,Software,800.0,150,650.0,1,0.0,2026-02-14
TXN0699,CUST074,Security Suite,Software,2880.0,600,2280.0,4,0.1,2026-05-07
TXN0700,CUST074,Edge Server,Hardware,3325.0,2200,1125.0,1,0.05,2024-10-07
TXN0701,CUST074,Analytics Engine,Software,1500.0,300,1200.0,1,0.0,2024-10-18
TXN0702,CUST074,Security Suite,Software,3040.0,600,2440.0,4,0.05,2024-11-12
TXN0703,CUST074,Custom Training Workshop,Services,2250.0,1200,1050.0,1,0.1,2026-03-09
TXN0704,CUST074,Edge Server,Hardware,7000.0,4400,2600.0,2,0.0,2025-12-22
TXN0705,CUST074,Cloud Platform,Software,2400.0,400,2000.0,2,0.0,2025-01-18
TXN0706,CUST074,Enterprise Support (Annual),Services,8000.0,4500,3500.0,1,0.0,2025-12-15
TXN0707,CUST074,Enterprise Support (Annual),Services,8000.0,4500,3500.0,1,0.0,2025-01-11
TXN0708,CUST074,Enterprise Support (Annual),Services,36000.0,22500,13500.0,5,0.1,2026-03-02
TXN0709,CUST074,Cloud Platform,Software,2400.0,400,2000.0,2,0.0,2026-04-02
TXN0710,CUST075,Cloud Migration Consultation,Services,19000.0,12000,7000.0,4,0.05,2025-10-15
TXN0711,CUST075,Edge Server,Hardware,3325.0,2200,1125.0,1,0.05,2024-12-19
TXN0712,CUST075,Analytics Engine,Software,1425.0,300,1125.0,1,0.05,2024-11-10
TXN0713,CUST075,Analytics Engine,Software,4500.0,900,3600.0,3,0.0,2025-06-07
TXN0714,CUST075,Cloud Platform,Software,960.0,200,760.0,1,0.2,2025-07-05
TXN0715,CUST075,Cloud Migration Consultation,Services,10000.0,6000,4000.0,2,0.0,2025-07-29
TXN0716,CUST075,Collaboration Tool,Software,900.0,150,750.0,3,0.0,2025-10-31
TXN0717,CUST075,Custom Training Workshop,Services,4750.0,2400,2350.0,2,0.05,2026-05-23
TXN0718,CUST075,Custom Training Workshop,Services,2500.0,1200,1300.0,1,0.0,2024-04-08
TXN0719,CUST075,Cloud Platform,Software,1200.0,200,1000.0,1,0.0,2024-12-30
TXN0720,CUST075,Cloud Migration Consultation,Services,5000.0,3000,2000.0,1,0.0,2024-10-09
TXN0721,CUST075,Developer Laptop,Hardware,2000.0,1300,700.0,1,0.0,2024-10-16
TXN0722,CUST075,Collaboration Tool,Software,570.0,100,470.0,2,0.05,2024-12-14
TXN0723,CUST076,Cloud Platform,Software,2400.0,400,2000.0,2,0.0,2026-06-06
TXN0724,CUST076,Analytics Engine,Software,3000.0,600,2400.0,2,0.0,2026-02-07
TXN0725,CUST076,Developer Laptop,Hardware,1800.0,1300,500.0,1,0.1,2024-12-08
TXN0726,CUST076,Edge Server,Hardware,3500.0,2200,1300.0,1,0.0,2024-10-12
TXN0727,CUST076,Enterprise Support (Annual),Services,32000.0,18000,14000.0,4,0.0,2025-10-16
TXN0728,CUST076,Security Suite,Software,800.0,150,650.0,1,0.0,2025-09-28
TXN0729,CUST076,Smart Gateway,Hardware,450.0,250,200.0,1,0.0,2026-05-14
TXN0730,CUST076,Custom Training Workshop,Services,10000.0,4800,5200.0,4,0.0,2025-04-14
TXN0731,CUST076,Custom Training Workshop,Services,2500.0,1200,1300.0,1,0.0,2025-11-07
TXN0732,CUST076,Edge Server,Hardware,3325.0,2200,1125.0,1,0.05,2026-06-04
TXN0733,CUST076,Collaboration Tool,Software,600.0,100,500.0,2,0.0,2026-04-14
TXN0734,CUST076,Edge Server,Hardware,3325.0,2200,1125.0,1,0.05,2024-11-18
TXN0735,CUST076,Edge Server,Hardware,7000.0,4400,2600.0,2,0.0,2025-08-15
TXN0736,CUST077,Security Suite,Software,760.0,150,610.0,1,0.0,2025-11-04
TXN0737,CUST077,Enterprise Support (Annual),Services,15200.0,9000,6200.0,2,0.0,2025-11-01
TXN0738,CUST077,Developer Laptop,Hardware,7600.0,5200,2400.0,4,0.0,2025-09-11
TXN0739,CUST077,Security Suite,Software,1444.0,300,1144.0,2,0.05,2024-12-25
TXN0740,CUST077,Edge Server,Hardware,6650.0,4400,2250.0,2,0.0,2024-11-18
TXN0741,CUST077,Developer Laptop,Hardware,1900.0,1300,600.0,1,0.0,2025-06-14
TXN0742,CUST077,Security Suite,Software,1520.0,300,1220.0,2,0.0,2025-08-26
TXN0743,CUST078,Security Suite,Software,680.0,150,530.0,1,0.15,2026-06-29
TXN0744,CUST078,Cloud Migration Consultation,Services,13500.0,9000,4500.0,3,0.1,2025-05-25
TXN0745,CUST078,Collaboration Tool,Software,600.0,100,500.0,2,0.0,2026-03-05
TXN0746,CUST078,Enterprise Support (Annual),Services,6400.0,4500,1900.0,1,0.2,2025-05-04
TXN0747,CUST078,Cloud Migration Consultation,Services,5000.0,3000,2000.0,1,0.0,2025-12-13
TXN0748,CUST078,Custom Training Workshop,Services,7500.0,3600,3900.0,3,0.0,2026-05-16
TXN0749,CUST078,Cloud Migration Consultation,Services,4750.0,3000,1750.0,1,0.05,2025-12-28
TXN0750,CUST079,Custom Training Workshop,Services,2256.25,1200,1056.25,1,0.05,2026-01-06
TXN0751,CUST079,Security Suite,Software,722.0,150,572.0,1,0.05,2026-02-28
TXN0752,CUST079,Collaboration Tool,Software,1140.0,200,940.0,4,0.0,2026-06-17
TXN0753,CUST079,Edge Server,Hardware,3325.0,2200,1125.0,1,0.0,2026-05-19
TXN0754,CUST079,Cloud Migration Consultation,Services,4275.0,3000,1275.0,1,0.1,2025-11-16
TXN0755,CUST079,Developer Laptop,Hardware,5700.0,3900,1800.0,3,0.0,2026-02-13
TXN0756,CUST079,Edge Server,Hardware,6317.5,4400,1917.5,2,0.05,2026-04-21
TXN0757,CUST079,Smart Gateway,Hardware,406.12,250,156.12,1,0.05,2026-06-06
TXN0758,CUST079,Smart Gateway,Hardware,406.12,250,156.12,1,0.05,2025-12-20
TXN0759,CUST079,Analytics Engine,Software,1211.25,300,911.25,1,0.15,2026-06-23
TXN0760,CUST079,Developer Laptop,Hardware,5700.0,3900,1800.0,3,0.0,2026-03-18
TXN0761,CUST079,Smart Gateway,Hardware,363.38,250,113.38,1,0.15,2026-05-27
TXN0762,CUST079,Security Suite,Software,722.0,150,572.0,1,0.05,2026-02-26
TXN0763,CUST080,Security Suite,Software,684.0,150,534.0,1,0.1,2024-08-12
TXN0764,CUST080,Cloud Migration Consultation,Services,4750.0,3000,1750.0,1,0.0,2024-07-11
TXN0765,CUST080,Smart Gateway,Hardware,427.5,250,177.5,1,0.0,2024-07-06
TXN0766,CUST080,Enterprise Support (Annual),Services,7600.0,4500,3100.0,1,0.0,2024-08-24
TXN0767,CUST080,Cloud Migration Consultation,Services,4512.5,3000,1512.5,1,0.05,2025-10-20
TXN0768,CUST080,Cloud Platform,Software,969.0,200,769.0,1,0.15,2025-10-19
TXN0769,CUST081,Custom Training Workshop,Services,4250.0,2400,1850.0,2,0.15,2026-01-26
TXN0770,CUST081,Edge Server,Hardware,3325.0,2200,1125.0,1,0.05,2026-06-06
TXN0771,CUST081,Edge Server,Hardware,3500.0,2200,1300.0,1,0.0,2026-03-01
TXN0772,CUST081,Cloud Migration Consultation,Services,9500.0,6000,3500.0,2,0.05,2025-09-14
TXN0773,CUST081,Custom Training Workshop,Services,2500.0,1200,1300.0,1,0.0,2025-09-26
TXN0774,CUST081,Security Suite,Software,800.0,150,650.0,1,0.0,2026-05-01
TXN0775,CUST081,Collaboration Tool,Software,855.0,150,705.0,3,0.05,2025-07-11
TXN0776,CUST081,Smart Gateway,Hardware,382.5,250,132.5,1,0.15,2025-10-01
TXN0777,CUST081,Cloud Migration Consultation,Services,4750.0,3000,1750.0,1,0.05,2026-04-01
TXN0778,CUST081,Cloud Migration Consultation,Services,13500.0,9000,4500.0,3,0.1,2026-05-07
TXN0779,CUST081,Smart Gateway,Hardware,382.5,250,132.5,1,0.15,2026-05-31
TXN0780,CUST082,Edge Server,Hardware,14000.0,8800,5200.0,4,0.0,2026-03-20
TXN0781,CUST082,Smart Gateway,Hardware,1147.5,750,397.5,3,0.15,2025-10-19
TXN0782,CUST082,Collaboration Tool,Software,300.0,50,250.0,1,0.0,2026-05-06
TXN0783,CUST082,Analytics Engine,Software,1425.0,300,1125.0,1,0.05,2025-05-20
TXN0784,CUST082,Cloud Platform,Software,2160.0,400,1760.0,2,0.1,2025-06-14
TXN0785,CUST082,Cloud Migration Consultation,Services,5000.0,3000,2000.0,1,0.0,2026-05-08
TXN0786,CUST082,Enterprise Support (Annual),Services,8000.0,4500,3500.0,1,0.0,2025-04-22
TXN0787,CUST082,Custom Training Workshop,Services,2125.0,1200,925.0,1,0.15,2025-12-04
TXN0788,CUST082,Enterprise Support (Annual),Services,12800.0,9000,3800.0,2,0.2,2025-12-01
TXN0789,CUST082,Collaboration Tool,Software,285.0,50,235.0,1,0.05,2025-11-04
TXN0790,CUST082,Smart Gateway,Hardware,450.0,250,200.0,1,0.0,2025-03-26
TXN0791,CUST082,Enterprise Support (Annual),Services,16000.0,9000,7000.0,2,0.0,2025-08-04
TXN0792,CUST082,Cloud Migration Consultation,Services,10000.0,6000,4000.0,2,0.0,2025-02-12
TXN0793,CUST082,Security Suite,Software,720.0,150,570.0,1,0.1,2025-03-08
TXN0794,CUST083,Custom Training Workshop,Services,4500.0,2400,2100.0,2,0.0,2026-06-10
TXN0795,CUST083,Security Suite,Software,2160.0,450,1710.0,3,0.0,2025-09-04
TXN0796,CUST083,Edge Server,Hardware,9450.0,6600,2850.0,3,0.0,2025-10-04
TXN0797,CUST083,Smart Gateway,Hardware,1458.0,1000,458.0,4,0.1,2026-03-17
TXN0798,CUST083,Collaboration Tool,Software,229.5,50,179.5,1,0.15,2025-10-01
TXN0799,CUST083,Edge Server,Hardware,8977.5,6600,2377.5,3,0.05,2026-05-25
TXN0800,CUST083,Cloud Migration Consultation,Services,18000.0,12000,6000.0,4,0.0,2025-12-29
TXN0801,CUST083,Cloud Platform,Software,10800.0,2000,8800.0,10,0.0,2025-09-02
TXN0802,CUST083,Smart Gateway,Hardware,364.5,250,114.5,1,0.1,2026-03-23
TXN0803,CUST083,Analytics Engine,Software,6885.0,1800,5085.0,6,0.15,2025-10-07
TXN0804,CUST083,Developer Laptop,Hardware,1800.0,1300,500.0,1,0.0,2026-02-27
TXN0805,CUST083,Cloud Migration Consultation,Services,8550.0,6000,2550.0,2,0.05,2026-03-27
TXN0806,CUST083,Analytics Engine,Software,1215.0,300,915.0,1,0.1,2026-06-15
TXN0807,CUST083,Custom Training Workshop,Services,3600.0,2400,1200.0,2,0.2,2026-01-11
TXN0808,CUST083,Edge Server,Hardware,11970.0,8800,3170.0,4,0.05,2026-06-17
TXN0809,CUST084,Edge Server,Hardware,3325.0,2200,1125.0,1,0.0,2025-06-21
TXN0810,CUST084,Custom Training Workshop,Services,2375.0,1200,1175.0,1,0.0,2025-09-27
TXN0811,CUST084,Custom Training Workshop,Services,2137.5,1200,937.5,1,0.1,2025-12-04
TXN0812,CUST084,Edge Server,Hardware,2992.5,2200,792.5,1,0.1,2025-10-12
TXN0813,CUST084,Security Suite,Software,760.0,150,610.0,1,0.0,2025-11-29
TXN0814,CUST084,Edge Server,Hardware,12635.0,8800,3835.0,4,0.05,2026-03-27
TXN0815,CUST084,Smart Gateway,Hardware,384.75,250,134.75,1,0.1,2025-09-12
TXN0816,CUST084,Security Suite,Software,760.0,150,610.0,1,0.0,2025-10-20
TXN0817,CUST084,Edge Server,Hardware,6650.0,4400,2250.0,2,0.0,2026-04-19
TXN0818,CUST084,Custom Training Workshop,Services,2375.0,1200,1175.0,1,0.0,2025-07-17
TXN0819,CUST084,Collaboration Tool,Software,285.0,50,235.0,1,0.0,2026-03-11
TXN0820,CUST084,Developer Laptop,Hardware,1710.0,1300,410.0,1,0.1,2026-03-28
TXN0821,CUST085,Edge Server,Hardware,6650.0,4400,2250.0,2,0.0,2026-03-07
TXN0822,CUST085,Developer Laptop,Hardware,7600.0,5200,2400.0,4,0.0,2026-05-09
TXN0823,CUST085,Smart Gateway,Hardware,855.0,500,355.0,2,0.0,2026-03-24
TXN0824,CUST085,Custom Training Workshop,Services,2256.25,1200,1056.25,1,0.05,2026-01-25
TXN0825,CUST085,Cloud Migration Consultation,Services,4750.0,3000,1750.0,1,0.0,2025-12-29
TXN0826,CUST085,Enterprise Support (Annual),Services,7600.0,4500,3100.0,1,0.0,2026-03-28
TXN0827,CUST085,Smart Gateway,Hardware,427.5,250,177.5,1,0.0,2026-03-04
TXN0828,CUST085,Collaboration Tool,Software,570.0,100,470.0,2,0.0,2026-04-13
TXN0829,CUST085,Developer Laptop,Hardware,1900.0,1300,600.0,1,0.0,2026-04-07
TXN0830,CUST085,Cloud Migration Consultation,Services,12825.0,9000,3825.0,3,0.1,2026-05-22
TXN0831,CUST085,Enterprise Support (Annual),Services,22800.0,13500,9300.0,3,0.0,2026-02-24
TXN0832,CUST086,Collaboration Tool,Software,855.0,150,705.0,3,0.0,2026-04-07
TXN0833,CUST086,Analytics Engine,Software,2850.0,600,2250.0,2,0.0,2025-08-05
TXN0834,CUST086,Cloud Migration Consultation,Services,4512.5,3000,1512.5,1,0.05,2025-10-08
TXN0835,CUST086,Analytics Engine,Software,1353.75,300,1053.75,1,0.05,2024-05-12
TXN0836,CUST086,Enterprise Support (Annual),Services,7600.0,4500,3100.0,1,0.0,2025-06-15
TXN0837,CUST086,Developer Laptop,Hardware,1900.0,1300,600.0,1,0.0,2025-10-03
TXN0838,CUST086,Cloud Migration Consultation,Services,4512.5,3000,1512.5,1,0.05,2026-02-05
TXN0839,CUST086,Analytics Engine,Software,1353.75,300,1053.75,1,0.05,2025-09-14
TXN0840,CUST086,Enterprise Support (Annual),Services,22800.0,13500,9300.0,3,0.0,2025-07-24
TXN0841,CUST086,Smart Gateway,Hardware,1453.5,1000,453.5,4,0.15,2024-12-30
TXN0842,CUST086,Developer Laptop,Hardware,3610.0,2600,1010.0,2,0.05,2025-12-27
TXN0843,CUST086,Security Suite,Software,760.0,150,610.0,1,0.0,2024-05-24
TXN0844,CUST086,Smart Gateway,Hardware,406.12,250,156.12,1,0.05,2026-01-09
TXN0845,CUST086,Developer Laptop,Hardware,3610.0,2600,1010.0,2,0.05,2024-12-14
TXN0846,CUST086,Edge Server,Hardware,3325.0,2200,1125.0,1,0.0,2025-06-16
TXN0847,CUST087,Enterprise Support (Annual),Services,28800.0,18000,10800.0,4,0.1,2025-01-02
TXN0848,CUST087,Security Suite,Software,800.0,150,650.0,1,0.0,2024-07-27
TXN0849,CUST087,Cloud Migration Consultation,Services,5000.0,3000,2000.0,1,0.0,2025-09-03
TXN0850,CUST087,Cloud Platform,Software,1200.0,200,1000.0,1,0.0,2026-06-29
TXN0851,CUST087,Developer Laptop,Hardware,1800.0,1300,500.0,1,0.1,2026-03-08
TXN0852,CUST087,Cloud Migration Consultation,Services,4500.0,3000,1500.0,1,0.1,2025-08-03
TXN0853,CUST087,Analytics Engine,Software,4500.0,900,3600.0,3,0.0,2024-06-05
TXN0854,CUST087,Smart Gateway,Hardware,1710.0,1000,710.0,4,0.05,2025-09-06
TXN0855,CUST087,Custom Training Workshop,Services,2375.0,1200,1175.0,1,0.05,2024-09-22
TXN0856,CUST087,Custom Training Workshop,Services,7500.0,3600,3900.0,3,0.0,2026-02-12
TXN0857,CUST087,Custom Training Workshop,Services,2500.0,1200,1300.0,1,0.0,2026-02-21
TXN0858,CUST087,Cloud Platform,Software,1200.0,200,1000.0,1,0.0,2025-11-10
TXN0859,CUST087,Analytics Engine,Software,1425.0,300,1125.0,1,0.05,2025-01-28
TXN0860,CUST087,Analytics Engine,Software,1425.0,300,1125.0,1,0.05,2026-06-22
TXN0861,CUST088,Developer Laptop,Hardware,2000.0,1300,700.0,1,0.0,2026-04-17
TXN0862,CUST088,Cloud Migration Consultation,Services,9500.0,6000,3500.0,2,0.05,2025-09-25
TXN0863,CUST088,Smart Gateway,Hardware,450.0,250,200.0,1,0.0,2025-06-11
TXN0864,CUST088,Edge Server,Hardware,3500.0,2200,1300.0,1,0.0,2026-01-03
TXN0865,CUST088,Custom Training Workshop,Services,7125.0,3600,3525.0,3,0.05,2025-08-02
TXN0866,CUST088,Custom Training Workshop,Services,2500.0,1200,1300.0,1,0.0,2025-09-17
TXN0867,CUST088,Security Suite,Software,800.0,150,650.0,1,0.0,2025-06-10
TXN0868,CUST088,Enterprise Support (Annual),Services,7600.0,4500,3100.0,1,0.05,2026-03-11
TXN0869,CUST088,Edge Server,Hardware,2800.0,2200,600.0,1,0.2,2025-06-10
TXN0870,CUST088,Cloud Platform,Software,1200.0,200,1000.0,1,0.0,2024-12-22
TXN0871,CUST088,Cloud Migration Consultation,Services,5000.0,3000,2000.0,1,0.0,2026-02-21
TXN0872,CUST088,Analytics Engine,Software,1350.0,300,1050.0,1,0.1,2026-04-19
TXN0873,CUST088,Developer Laptop,Hardware,4000.0,2600,1400.0,2,0.0,2026-04-24
TXN0874,CUST088,Cloud Platform,Software,1200.0,200,1000.0,1,0.0,2025-02-20
TXN0875,CUST089,Security Suite,Software,3888.0,900,2988.0,6,0.1,2026-03-11
TXN0876,CUST089,Cloud Platform,Software,16200.0,3000,13200.0,15,0.0,2026-06-11
TXN0877,CUST089,Edge Server,Hardware,6300.0,4400,1900.0,2,0.0,2026-05-27
TXN0878,CUST089,Security Suite,Software,1728.0,450,1278.0,3,0.2,2026-05-18
TXN0879,CUST089,Cloud Platform,Software,6156.0,1200,4956.0,6,0.05,2026-02-01
TXN0880,CUST089,Smart Gateway,Hardware,688.5,500,188.5,2,0.15,2026-01-14
TXN0881,CUST089,Cloud Migration Consultation,Services,21375.0,15000,6375.0,5,0.05,2026-06-20
TXN0882,CUST089,Security Suite,Software,4320.0,900,3420.0,6,0.0,2026-02-02
TXN0883,CUST089,Cloud Platform,Software,11664.0,2400,9264.0,12,0.1,2026-06-01
TXN0884,CUST089,Custom Training Workshop,Services,2250.0,1200,1050.0,1,0.0,2026-03-12
TXN0885,CUST089,Analytics Engine,Software,16200.0,3600,12600.0,12,0.0,2026-03-18
TXN0886,CUST090,Cloud Platform,Software,1140.0,200,940.0,1,0.0,2025-10-22
TXN0887,CUST090,Enterprise Support (Annual),Services,22800.0,13500,9300.0,3,0.0,2025-07-25
TXN0888,CUST090,Collaboration Tool,Software,285.0,50,235.0,1,0.0,2024-07-16
TXN0889,CUST090,Smart Gateway,Hardware,427.5,250,177.5,1,0.0,2024-02-10
TXN0890,CUST090,Edge Server,Hardware,3158.75,2200,958.75,1,0.05,2025-12-14
TXN0891,CUST090,Enterprise Support (Annual),Services,6840.0,4500,2340.0,1,0.1,2024-11-27
TXN0892,CUST090,Cloud Migration Consultation,Services,4750.0,3000,1750.0,1,0.0,2026-05-31
TXN0893,CUST090,Smart Gateway,Hardware,427.5,250,177.5,1,0.0,2024-10-29
TXN0894,CUST091,Smart Gateway,Hardware,427.5,250,177.5,1,0.0,2026-05-02
TXN0895,CUST091,Cloud Migration Consultation,Services,4750.0,3000,1750.0,1,0.0,2026-02-18
TXN0896,CUST091,Edge Server,Hardware,3325.0,2200,1125.0,1,0.0,2026-05-18
TXN0897,CUST091,Analytics Engine,Software,1353.75,300,1053.75,1,0.05,2026-05-25
TXN0898,CUST091,Cloud Platform,Software,969.0,200,769.0,1,0.15,2025-10-11
TXN0899,CUST091,Security Suite,Software,760.0,150,610.0,1,0.0,2025-11-15
TXN0900,CUST091,Custom Training Workshop,Services,6768.75,3600,3168.75,3,0.05,2025-09-01
TXN0901,CUST091,Custom Training Workshop,Services,2375.0,1200,1175.0,1,0.0,2026-05-12
TXN0902,CUST091,Custom Training Workshop,Services,2018.75,1200,818.75,1,0.15,2025-12-07
TXN0903,CUST091,Enterprise Support (Annual),Services,27360.0,18000,9360.0,4,0.1,2025-11-30
TXN0904,CUST091,Cloud Migration Consultation,Services,4275.0,3000,1275.0,1,0.1,2026-04-12
TXN0905,CUST091,Smart Gateway,Hardware,406.12,250,156.12,1,0.05,2026-03-16
TXN0906,CUST091,Cloud Platform,Software,3420.0,600,2820.0,3,0.0,2026-05-13
TXN0907,CUST092,Cloud Platform,Software,2166.0,400,1766.0,2,0.05,2026-04-03
TXN0908,CUST092,Security Suite,Software,646.0,150,496.0,1,0.15,2026-01-09
TXN0909,CUST092,Custom Training Workshop,Services,2375.0,1200,1175.0,1,0.0,2026-04-13
TXN0910,CUST092,Enterprise Support (Annual),Services,13680.0,9000,4680.0,2,0.1,2026-05-04
TXN0911,CUST092,Security Suite,Software,1444.0,300,1144.0,2,0.05,2026-03-11
TXN0912,CUST092,Smart Gateway,Hardware,342.0,250,92.0,1,0.2,2026-03-31
TXN0913,CUST093,Smart Gateway,Hardware,2250.0,1250,1000.0,5,0.0,2025-06-17
TXN0914,CUST093,Smart Gateway,Hardware,405.0,250,155.0,1,0.1,2025-07-07
TXN0915,CUST093,Security Suite,Software,760.0,150,610.0,1,0.05,2026-03-07
TXN0916,CUST093,Developer Laptop,Hardware,2000.0,1300,700.0,1,0.0,2025-03-09
TXN0917,CUST093,Smart Gateway,Hardware,450.0,250,200.0,1,0.0,2024-07-27
TXN0918,CUST093,Analytics Engine,Software,7500.0,1500,6000.0,5,0.0,2025-04-27
TXN0919,CUST093,Analytics Engine,Software,5700.0,1200,4500.0,4,0.05,2025-05-10
TXN0920,CUST093,Cloud Migration Consultation,Services,5000.0,3000,2000.0,1,0.0,2026-01-27
TXN0921,CUST093,Analytics Engine,Software,1425.0,300,1125.0,1,0.05,2024-11-28
TXN0922,CUST093,Developer Laptop,Hardware,2000.0,1300,700.0,1,0.0,2025-02-15
TXN0923,CUST094,Enterprise Support (Annual),Services,14400.0,9000,5400.0,2,0.0,2024-11-15
TXN0924,CUST094,Analytics Engine,Software,4050.0,900,3150.0,3,0.0,2026-04-10
TXN0925,CUST094,Developer Laptop,Hardware,10800.0,7800,3000.0,6,0.0,2024-10-24
TXN0926,CUST094,Cloud Platform,Software,6480.0,1200,5280.0,6,0.0,2024-12-29
TXN0927,CUST094,Cloud Migration Consultation,Services,13500.0,9000,4500.0,3,0.0,2025-07-06
TXN0928,CUST094,Cloud Migration Consultation,Services,12150.0,9000,3150.0,3,0.1,2026-01-24
TXN0929,CUST095,Custom Training Workshop,Services,2250.0,1200,1050.0,1,0.0,2025-05-18
TXN0930,CUST095,Edge Server,Hardware,3150.0,2200,950.0,1,0.0,2026-05-02
TXN0931,CUST095,Collaboration Tool,Software,513.0,100,413.0,2,0.05,2026-03-21
TXN0932,CUST095,Cloud Migration Consultation,Services,17100.0,12000,5100.0,4,0.05,2026-04-19
TXN0933,CUST095,Smart Gateway,Hardware,1154.25,750,404.25,3,0.05,2025-06-30
TXN0934,CUST095,Cloud Migration Consultation,Services,8100.0,6000,2100.0,2,0.1,2026-03-11
TXN0935,CUST095,Custom Training Workshop,Services,6750.0,3600,3150.0,3,0.0,2025-01-13
TXN0936,CUST095,Edge Server,Hardware,8977.5,6600,2377.5,3,0.05,2025-02-25
TXN0937,CUST095,Edge Server,Hardware,42525.0,33000,9525.0,15,0.1,2026-04-15
TXN0938,CUST096,Cloud Migration Consultation,Services,4037.5,3000,1037.5,1,0.15,2026-05-20
TXN0939,CUST096,Analytics Engine,Software,1282.5,300,982.5,1,0.1,2026-02-02
TXN0940,CUST096,Cloud Platform,Software,1083.0,200,883.0,1,0.05,2025-11-18
TXN0941,CUST096,Edge Server,Hardware,2992.5,2200,792.5,1,0.1,2025-12-20
TXN0942,CUST096,Developer Laptop,Hardware,1900.0,1300,600.0,1,0.0,2026-03-11
TXN0943,CUST096,Analytics Engine,Software,1353.75,300,1053.75,1,0.05,2026-01-22
TXN0944,CUST096,Custom Training Workshop,Services,4750.0,2400,2350.0,2,0.0,2025-12-17
TXN0945,CUST096,Edge Server,Hardware,3325.0,2200,1125.0,1,0.0,2025-10-28
TXN0946,CUST096,Collaboration Tool,Software,570.0,100,470.0,2,0.0,2026-02-21
TXN0947,CUST096,Enterprise Support (Annual),Services,12920.0,9000,3920.0,2,0.15,2026-04-22
TXN0948,CUST096,Cloud Platform,Software,969.0,200,769.0,1,0.15,2026-04-08
TXN0949,CUST096,Collaboration Tool,Software,256.5,50,206.5,1,0.1,2026-04-21
TXN0950,CUST096,Smart Gateway,Hardware,427.5,250,177.5,1,0.0,2026-03-16
TXN0951,CUST096,Smart Gateway,Hardware,1710.0,1000,710.0,4,0.0,2026-06-19
TXN0952,CUST096,Enterprise Support (Annual),Services,7600.0,4500,3100.0,1,0.0,2026-02-09
TXN0953,CUST097,Smart Gateway,Hardware,406.12,250,156.12,1,0.05,2024-09-24
TXN0954,CUST097,Enterprise Support (Annual),Services,21660.0,13500,8160.0,3,0.05,2025-05-05
TXN0955,CUST097,Analytics Engine,Software,1425.0,300,1125.0,1,0.0,2025-10-07
TXN0956,CUST097,Cloud Migration Consultation,Services,4750.0,3000,1750.0,1,0.0,2025-10-13
TXN0957,CUST097,Custom Training Workshop,Services,2375.0,1200,1175.0,1,0.0,2026-05-26
TXN0958,CUST098,Smart Gateway,Hardware,427.5,250,177.5,1,0.05,2025-10-22
TXN0959,CUST098,Cloud Migration Consultation,Services,4750.0,3000,1750.0,1,0.05,2025-03-11
TXN0960,CUST098,Analytics Engine,Software,2550.0,600,1950.0,2,0.15,2025-03-07
TXN0961,CUST098,Edge Server,Hardware,6650.0,4400,2250.0,2,0.05,2024-12-28
TXN0962,CUST098,Edge Server,Hardware,2975.0,2200,775.0,1,0.15,2025-01-20
TXN0963,CUST099,Edge Server,Hardware,10710.0,8800,1910.0,4,0.15,2025-03-19
TXN0964,CUST099,Developer Laptop,Hardware,4590.0,3900,690.0,3,0.15,2025-11-09
TXN0965,CUST099,Security Suite,Software,720.0,150,570.0,1,0.0,2025-06-19
TXN0966,CUST099,Enterprise Support (Annual),Services,43200.0,27000,16200.0,6,0.0,2026-05-31
TXN0967,CUST100,Cloud Migration Consultation,Services,4750.0,3000,1750.0,1,0.05,2026-01-12
TXN0968,CUST100,Collaboration Tool,Software,600.0,100,500.0,2,0.0,2026-03-16
TXN0969,CUST100,Developer Laptop,Hardware,2000.0,1300,700.0,1,0.0,2026-06-20
TXN0970,CUST100,Collaboration Tool,Software,600.0,100,500.0,2,0.0,2026-01-10
TXN0971,CUST100,Edge Server,Hardware,5600.0,4400,1200.0,2,0.2,2026-01-22
TXN0972,CUST100,Cloud Platform,Software,960.0,200,760.0,1,0.2,2026-05-26
TXN0973,CUST101,Enterprise Support (Annual),Services,13600.0,9000,4600.0,2,0.15,2026-06-15
TXN0974,CUST101,Collaboration Tool,Software,300.0,50,250.0,1,0.0,2026-06-26
TXN0975,CUST101,Smart Gateway,Hardware,427.5,250,177.5,1,0.05,2026-04-09
TXN0976,CUST101,Custom Training Workshop,Services,2375.0,1200,1175.0,1,0.05,2026-04-13
TXN0977,CUST101,Cloud Platform,Software,1080.0,200,880.0,1,0.1,2026-03-24
TXN0978,CUST101,Collaboration Tool,Software,1500.0,250,1250.0,5,0.0,2025-04-19
TXN0979,CUST101,Custom Training Workshop,Services,10000.0,4800,5200.0,4,0.0,2025-10-13
TXN0980,CUST101,Developer Laptop,Hardware,4000.0,2600,1400.0,2,0.0,2025-11-09
TXN0981,CUST101,Developer Laptop,Hardware,4000.0,2600,1400.0,2,0.0,2025-06-22
TXN0982,CUST101,Collaboration Tool,Software,900.0,150,750.0,3,0.0,2025-12-18
TXN0983,CUST102,Security Suite,Software,1360.0,300,1060.0,2,0.15,2026-03-28
TXN0984,CUST102,Collaboration Tool,Software,300.0,50,250.0,1,0.0,2026-04-20
TXN0985,CUST102,Smart Gateway,Hardware,1147.5,750,397.5,3,0.15,2025-10-14
TXN0986,CUST102,Analytics Engine,Software,1425.0,300,1125.0,1,0.05,2026-03-04
TXN0987,CUST102,Custom Training Workshop,Services,2500.0,1200,1300.0,1,0.0,2025-10-06
TXN0988,CUST102,Enterprise Support (Annual),Services,7200.0,4500,2700.0,1,0.1,2026-03-02
TXN0989,CUST102,Cloud Migration Consultation,Services,5000.0,3000,2000.0,1,0.0,2026-04-02
TXN0990,CUST102,Smart Gateway,Hardware,1147.5,750,397.5,3,0.15,2025-10-10
TXN0991,CUST102,Security Suite,Software,1600.0,300,1300.0,2,0.0,2025-10-06
TXN0992,CUST102,Smart Gateway,Hardware,900.0,500,400.0,2,0.0,2025-12-19
TXN0993,CUST102,Cloud Platform,Software,2880.0,600,2280.0,3,0.2,2026-05-31
TXN0994,CUST102,Enterprise Support (Annual),Services,8000.0,4500,3500.0,1,0.0,2025-07-16
TXN0995,CUST102,Cloud Migration Consultation,Services,10000.0,6000,4000.0,2,0.0,2026-03-27
TXN0996,CUST102,Custom Training Workshop,Services,2500.0,1200,1300.0,1,0.0,2025-11-03
TXN0997,CUST103,Cloud Migration Consultation,Services,4512.5,3000,1512.5,1,0.05,2026-05-18
TXN0998,CUST103,Custom Training Workshop,Services,7125.0,3600,3525.0,3,0.0,2026-06-06
TXN0999,CUST103,Cloud Platform,Software,2280.0,400,1880.0,2,0.0,2025-03-18
TXN1000,CUST103,Custom Training Workshop,Services,7125.0,3600,3525.0,3,0.0,2024-10-13
TXN1001,CUST104,Collaboration Tool,Software,1500.0,250,1250.0,5,0.0,2024-11-27
TXN1002,CUST104,Custom Training Workshop,Services,4750.0,2400,2350.0,2,0.05,2025-07-26
TXN1003,CUST104,Collaboration Tool,Software,600.0,100,500.0,2,0.0,2026-05-06
TXN1004,CUST104,Analytics Engine,Software,1275.0,300,975.0,1,0.15,2024-11-13
TXN1005,CUST105,Cloud Migration Consultation,Services,4750.0,3000,1750.0,1,0.0,2026-02-19
TXN1006,CUST105,Smart Gateway,Hardware,427.5,250,177.5,1,0.0,2025-09-16
TXN1007,CUST105,Cloud Migration Consultation,Services,4275.0,3000,1275.0,1,0.1,2025-07-11
TXN1008,CUST105,Collaboration Tool,Software,541.5,100,441.5,2,0.05,2026-06-03
TXN1009,CUST106,Smart Gateway,Hardware,2308.5,1500,808.5,6,0.05,2025-06-14
TXN1010,CUST106,Edge Server,Hardware,11970.0,8800,3170.0,4,0.05,2026-05-24
TXN1011,CUST106,Developer Laptop,Hardware,16200.0,11700,4500.0,9,0.0,2026-06-02
TXN1012,CUST106,Cloud Platform,Software,2052.0,400,1652.0,2,0.05,2025-06-17
TXN1013,CUST106,Cloud Migration Consultation,Services,18000.0,12000,6000.0,4,0.0,2024-12-22
TXN1014,CUST106,Smart Gateway,Hardware,1215.0,750,465.0,3,0.0,2025-07-31
TXN1015,CUST106,Enterprise Support (Annual),Services,7200.0,4500,2700.0,1,0.0,2025-03-18
TXN1016,CUST106,Enterprise Support (Annual),Services,13680.0,9000,4680.0,2,0.05,2026-01-24
TXN1017,CUST106,Smart Gateway,Hardware,364.5,250,114.5,1,0.1,2025-08-08
TXN1018,CUST106,Developer Laptop,Hardware,12240.0,10400,1840.0,8,0.15,2025-03-10
TXN1019,CUST106,Cloud Migration Consultation,Services,13500.0,9000,4500.0,3,0.0,2024-09-29
TXN1020,CUST106,Developer Laptop,Hardware,6120.0,5200,920.0,4,0.15,2026-02-24
TXN1021,CUST106,Enterprise Support (Annual),Services,21600.0,13500,8100.0,3,0.0,2024-10-20
TXN1022,CUST106,Security Suite,Software,1296.0,300,996.0,2,0.1,2026-02-23
TXN1023,CUST106,Security Suite,Software,720.0,150,570.0,1,0.0,2025-08-21
TXN1024,CUST107,Cloud Migration Consultation,Services,9000.0,6000,3000.0,2,0.0,2026-01-07
TXN1025,CUST107,Smart Gateway,Hardware,3645.0,2250,1395.0,9,0.0,2025-04-21
TXN1026,CUST107,Collaboration Tool,Software,1620.0,300,1320.0,6,0.0,2025-09-20
TXN1027,CUST107,Edge Server,Hardware,3150.0,2200,950.0,1,0.0,2026-06-22
TXN1028,CUST107,Security Suite,Software,5472.0,1200,4272.0,8,0.05,2026-03-29
TXN1029,CUST107,Smart Gateway,Hardware,688.5,500,188.5,2,0.15,2026-04-06
TXN1030,CUST107,Enterprise Support (Annual),Services,12960.0,9000,3960.0,2,0.1,2026-03-03
TXN1031,CUST107,Custom Training Workshop,Services,10125.0,6000,4125.0,5,0.1,2025-04-12
TXN1032,CUST107,Smart Gateway,Hardware,1215.0,750,465.0,3,0.0,2025-10-14
TXN1033,CUST108,Analytics Engine,Software,1425.0,300,1125.0,1,0.0,2026-03-30
TXN1034,CUST108,Custom Training Workshop,Services,2256.25,1200,1056.25,1,0.05,2026-01-14
TXN1035,CUST108,Cloud Migration Consultation,Services,4750.0,3000,1750.0,1,0.0,2025-06-14
TXN1036,CUST109,Developer Laptop,Hardware,4000.0,2600,1400.0,2,0.0,2026-05-11
TXN1037,CUST109,Edge Server,Hardware,3325.0,2200,1125.0,1,0.05,2025-10-31
TXN1038,CUST109,Security Suite,Software,760.0,150,610.0,1,0.05,2026-05-02
TXN1039,CUST109,Analytics Engine,Software,1500.0,300,1200.0,1,0.0,2025-12-28
TXN1040,CUST109,Enterprise Support (Annual),Services,8000.0,4500,3500.0,1,0.0,2026-01-18
TXN1041,CUST109,Smart Gateway,Hardware,450.0,250,200.0,1,0.0,2025-08-26
TXN1042,CUST109,Developer Laptop,Hardware,1900.0,1300,600.0,1,0.05,2025-09-25
TXN1043,CUST110,Enterprise Support (Annual),Services,7200.0,4500,2700.0,1,0.1,2026-01-31
TXN1044,CUST110,Collaboration Tool,Software,300.0,50,250.0,1,0.0,2026-05-01
TXN1045,CUST110,Collaboration Tool,Software,285.0,50,235.0,1,0.05,2026-02-23
TXN1046,CUST110,Edge Server,Hardware,14000.0,8800,5200.0,4,0.0,2026-02-20
TXN1047,CUST110,Developer Laptop,Hardware,1700.0,1300,400.0,1,0.15,2025-07-23
TXN1048,CUST110,Developer Laptop,Hardware,2000.0,1300,700.0,1,0.0,2025-10-05
TXN1049,CUST110,Developer Laptop,Hardware,2000.0,1300,700.0,1,0.0,2025-02-24
TXN1050,CUST110,Custom Training Workshop,Services,2500.0,1200,1300.0,1,0.0,2025-10-23
TXN1051,CUST110,Smart Gateway,Hardware,810.0,500,310.0,2,0.1,2025-02-18
TXN1052,CUST110,Developer Laptop,Hardware,2000.0,1300,700.0,1,0.0,2026-04-30
TXN1053,CUST110,Cloud Migration Consultation,Services,25000.0,15000,10000.0,5,0.0,2025-07-08
TXN1054,CUST110,Collaboration Tool,Software,600.0,100,500.0,2,0.0,2025-10-15
TXN1055,CUST111,Custom Training Workshop,Services,2256.25,1200,1056.25,1,0.05,2025-09-21
TXN1056,CUST111,Custom Training Workshop,Services,2375.0,1200,1175.0,1,0.0,2024-12-24
TXN1057,CUST111,Enterprise Support (Annual),Services,7600.0,4500,3100.0,1,0.0,2026-06-04
TXN1058,CUST111,Analytics Engine,Software,5700.0,1200,4500.0,4,0.0,2026-01-04
TXN1059,CUST111,Custom Training Workshop,Services,4750.0,2400,2350.0,2,0.0,2025-01-25
TXN1060,CUST111,Custom Training Workshop,Services,2375.0,1200,1175.0,1,0.0,2026-02-24
TXN1061,CUST111,Custom Training Workshop,Services,6412.5,3600,2812.5,3,0.1,2025-02-25
TXN1062,CUST111,Smart Gateway,Hardware,406.12,250,156.12,1,0.05,2025-03-07
TXN1063,CUST111,Security Suite,Software,1520.0,300,1220.0,2,0.0,2026-01-06
TXN1064,CUST111,Enterprise Support (Annual),Services,25840.0,18000,7840.0,4,0.15,2026-05-12
TXN1065,CUST111,Cloud Platform,Software,2166.0,400,1766.0,2,0.05,2025-09-23
TXN1066,CUST111,Edge Server,Hardware,3158.75,2200,958.75,1,0.05,2025-02-13
TXN1067,CUST111,Analytics Engine,Software,1425.0,300,1125.0,1,0.0,2024-11-29
TXN1068,CUST111,Collaboration Tool,Software,570.0,100,470.0,2,0.0,2024-11-06
TXN1069,CUST111,Enterprise Support (Annual),Services,7600.0,4500,3100.0,1,0.0,2025-08-27
TXN1070,CUST112,Collaboration Tool,Software,270.75,50,220.75,1,0.05,2026-05-03
TXN1071,CUST112,Developer Laptop,Hardware,1520.0,1300,220.0,1,0.2,2026-06-18
TXN1072,CUST112,Security Suite,Software,722.0,150,572.0,1,0.05,2026-05-05
TXN1073,CUST112,Enterprise Support (Annual),Services,12160.0,9000,3160.0,2,0.2,2025-12-21
TXN1074,CUST112,Security Suite,Software,1520.0,300,1220.0,2,0.0,2025-12-19
TXN1075,CUST112,Custom Training Workshop,Services,9025.0,4800,4225.0,4,0.05,2026-03-11
TXN1076,CUST113,Smart Gateway,Hardware,1350.0,750,600.0,3,0.0,2026-06-16
TXN1077,CUST113,Collaboration Tool,Software,570.0,100,470.0,2,0.05,2026-01-22
TXN1078,CUST113,Custom Training Workshop,Services,2125.0,1200,925.0,1,0.15,2026-01-28
TXN1079,CUST113,Cloud Platform,Software,1080.0,200,880.0,1,0.1,2026-04-04
TXN1080,CUST113,Enterprise Support (Annual),Services,32000.0,18000,14000.0,4,0.0,2025-11-25
TXN1081,CUST113,Developer Laptop,Hardware,1900.0,1300,600.0,1,0.05,2026-06-25
TXN1082,CUST113,Collaboration Tool,Software,570.0,100,470.0,2,0.05,2025-11-13
TXN1083,CUST113,Custom Training Workshop,Services,2375.0,1200,1175.0,1,0.05,2025-11-07
TXN1084,CUST113,Smart Gateway,Hardware,900.0,500,400.0,2,0.0,2025-10-26
TXN1085,CUST113,Smart Gateway,Hardware,900.0,500,400.0,2,0.0,2026-06-18
TXN1086,CUST114,Edge Server,Hardware,2975.0,2200,775.0,1,0.15,2026-01-23
TXN1087,CUST114,Smart Gateway,Hardware,900.0,500,400.0,2,0.0,2026-05-19
TXN1088,CUST114,Smart Gateway,Hardware,450.0,250,200.0,1,0.0,2026-04-19
TXN1089,CUST114,Custom Training Workshop,Services,2500.0,1200,1300.0,1,0.0,2026-01-22
TXN1090,CUST114,Cloud Migration Consultation,Services,15000.0,9000,6000.0,3,0.0,2025-12-11
TXN1091,CUST114,Enterprise Support (Annual),Services,8000.0,4500,3500.0,1,0.0,2025-12-12
TXN1092,CUST114,Security Suite,Software,2880.0,600,2280.0,4,0.1,2026-05-17
TXN1093,CUST114,Developer Laptop,Hardware,6000.0,3900,2100.0,3,0.0,2026-04-26
TXN1094,CUST114,Collaboration Tool,Software,285.0,50,235.0,1,0.05,2026-05-07
TXN1095,CUST114,Edge Server,Hardware,13300.0,8800,4500.0,4,0.05,2025-11-17
TXN1096,CUST114,Collaboration Tool,Software,600.0,100,500.0,2,0.0,2026-06-07
TXN1097,CUST114,Collaboration Tool,Software,600.0,100,500.0,2,0.0,2026-02-15
TXN1098,CUST114,Enterprise Support (Annual),Services,8000.0,4500,3500.0,1,0.0,2026-04-05
TXN1099,CUST114,Cloud Platform,Software,1200.0,200,1000.0,1,0.0,2026-06-06
TXN1100,CUST114,Smart Gateway,Hardware,1530.0,1000,530.0,4,0.15,2026-01-25
TXN1101,CUST115,Custom Training Workshop,Services,4500.0,2400,2100.0,2,0.0,2025-10-28
TXN1102,CUST115,Analytics Engine,Software,10800.0,2400,8400.0,8,0.0,2025-11-25
TXN1103,CUST115,Custom Training Workshop,Services,7650.0,4800,2850.0,4,0.15,2025-09-25
TXN1104,CUST115,Developer Laptop,Hardware,9180.0,7800,1380.0,6,0.15,2026-03-09
TXN1105,CUST115,Developer Laptop,Hardware,10260.0,7800,2460.0,6,0.05,2025-10-05
TXN1106,CUST115,Smart Gateway,Hardware,2308.5,1500,808.5,6,0.05,2025-11-03
TXN1107,CUST116,Enterprise Support (Annual),Services,12160.0,9000,3160.0,2,0.2,2025-02-19
TXN1108,CUST116,Cloud Migration Consultation,Services,8550.0,6000,2550.0,2,0.1,2025-06-20
TXN1109,CUST116,Edge Server,Hardware,3158.75,2200,958.75,1,0.05,2024-08-16
TXN1110,CUST116,Analytics Engine,Software,1425.0,300,1125.0,1,0.0,2025-07-29
TXN1111,CUST116,Cloud Platform,Software,4332.0,800,3532.0,4,0.05,2026-04-30
TXN1112,CUST116,Custom Training Workshop,Services,1900.0,1200,700.0,1,0.2,2025-03-14
TXN1113,CUST116,Cloud Migration Consultation,Services,4275.0,3000,1275.0,1,0.1,2024-10-31
TXN1114,CUST116,Cloud Migration Consultation,Services,13537.5,9000,4537.5,3,0.05,2026-05-29
TXN1115,CUST116,Developer Laptop,Hardware,3800.0,2600,1200.0,2,0.0,2025-04-20
TXN1116,CUST116,Developer Laptop,Hardware,3610.0,2600,1010.0,2,0.05,2025-11-11
TXN1117,CUST116,Edge Server,Hardware,6650.0,4400,2250.0,2,0.0,2025-07-01
TXN1118,CUST116,Developer Laptop,Hardware,1900.0,1300,600.0,1,0.0,2024-10-06
TXN1119,CUST116,Collaboration Tool,Software,228.0,50,178.0,1,0.2,2025-05-02
TXN1120,CUST116,Enterprise Support (Annual),Services,7600.0,4500,3100.0,1,0.0,2025-02-25
TXN1121,CUST116,Enterprise Support (Annual),Services,7220.0,4500,2720.0,1,0.05,2024-12-29
TXN1122,CUST117,Cloud Platform,Software,1140.0,200,940.0,1,0.05,2025-10-15
TXN1123,CUST117,Edge Server,Hardware,10500.0,6600,3900.0,3,0.0,2025-10-06
TXN1124,CUST117,Collaboration Tool,Software,270.0,50,220.0,1,0.1,2025-01-23
TXN1125,CUST117,Cloud Migration Consultation,Services,4250.0,3000,1250.0,1,0.15,2026-02-27
TXN1126,CUST117,Developer Laptop,Hardware,1800.0,1300,500.0,1,0.1,2026-06-09
TXN1127,CUST117,Cloud Migration Consultation,Services,4000.0,3000,1000.0,1,0.2,2025-04-04
TXN1128,CUST117,Analytics Engine,Software,1500.0,300,1200.0,1,0.0,2026-05-31
TXN1129,CUST117,Custom Training Workshop,Services,2375.0,1200,1175.0,1,0.05,2025-03-20
TXN1130,CUST117,Collaboration Tool,Software,600.0,100,500.0,2,0.0,2026-01-06
TXN1131,CUST117,Cloud Platform,Software,4560.0,800,3760.0,4,0.05,2025-08-18
TXN1132,CUST118,Edge Server,Hardware,7000.0,4400,2600.0,2,0.0,2026-04-17
TXN1133,CUST118,Enterprise Support (Annual),Services,16000.0,9000,7000.0,2,0.0,2025-06-08
TXN1134,CUST118,Security Suite,Software,800.0,150,650.0,1,0.0,2025-08-02
TXN1135,CUST118,Enterprise Support (Annual),Services,6400.0,4500,1900.0,1,0.2,2026-01-27
TXN1136,CUST118,Edge Server,Hardware,3500.0,2200,1300.0,1,0.0,2026-06-15
TXN1137,CUST118,Cloud Migration Consultation,Services,5000.0,3000,2000.0,1,0.0,2026-06-03
TXN1138,CUST118,Custom Training Workshop,Services,2375.0,1200,1175.0,1,0.05,2026-03-26
TXN1139,CUST119,Custom Training Workshop,Services,2500.0,1200,1300.0,1,0.0,2025-05-25
TXN1140,CUST119,Smart Gateway,Hardware,382.5,250,132.5,1,0.15,2025-05-17
TXN1141,CUST119,Security Suite,Software,760.0,150,610.0,1,0.05,2025-02-08
TXN1142,CUST119,Collaboration Tool,Software,540.0,100,440.0,2,0.1,2025-11-03
TXN1143,CUST119,Cloud Platform,Software,1080.0,200,880.0,1,0.1,2025-02-27
TXN1144,CUST119,Security Suite,Software,720.0,150,570.0,1,0.1,2025-08-06
TXN1145,CUST119,Edge Server,Hardware,16625.0,11000,5625.0,5,0.05,2026-02-08
TXN1146,CUST119,Edge Server,Hardware,6650.0,4400,2250.0,2,0.05,2025-05-13
TXN1147,CUST119,Cloud Platform,Software,1080.0,200,880.0,1,0.1,2025-12-02
TXN1148,CUST119,Enterprise Support (Annual),Services,8000.0,4500,3500.0,1,0.0,2025-06-14
TXN1149,CUST119,Cloud Platform,Software,2280.0,400,1880.0,2,0.05,2025-02-03
TXN1150,CUST120,Collaboration Tool,Software,300.0,50,250.0,1,0.0,2025-02-18
TXN1151,CUST120,Custom Training Workshop,Services,2500.0,1200,1300.0,1,0.0,2024-12-10
TXN1152,CUST120,Cloud Migration Consultation,Services,4750.0,3000,1750.0,1,0.05,2026-01-10
TXN1153,CUST120,Developer Laptop,Hardware,2000.0,1300,700.0,1,0.0,2026-02-27
TXN1154,CUST120,Cloud Migration Consultation,Services,9500.0,6000,3500.0,2,0.05,2024-10-18
TXN1155,CUST120,Enterprise Support (Annual),Services,8000.0,4500,3500.0,1,0.0,2024-12-09
TXN1156,CUST120,Cloud Platform,Software,4800.0,1000,3800.0,5,0.2,2025-05-09
TXN1157,CUST120,Smart Gateway,Hardware,450.0,250,200.0,1,0.0,2026-06-05
TXN1158,CUST120,Cloud Migration Consultation,Services,5000.0,3000,2000.0,1,0.0,2026-06-13
TXN1159,CUST121,Enterprise Support (Annual),Services,7600.0,4500,3100.0,1,0.0,2025-07-14
TXN1160,CUST121,Analytics Engine,Software,1425.0,300,1125.0,1,0.0,2025-05-21
TXN1161,CUST121,Enterprise Support (Annual),Services,6840.0,4500,2340.0,1,0.1,2025-10-17
TXN1162,CUST121,Security Suite,Software,1520.0,300,1220.0,2,0.0,2026-01-29
TXN1163,CUST121,Security Suite,Software,1444.0,300,1144.0,2,0.05,2025-06-27
TXN1164,CUST121,Edge Server,Hardware,5652.5,4400,1252.5,2,0.15,2025-10-12
TXN1165,CUST121,Analytics Engine,Software,1425.0,300,1125.0,1,0.0,2025-08-24
TXN1166,CUST121,Collaboration Tool,Software,855.0,150,705.0,3,0.0,2025-11-26
TXN1167,CUST121,Edge Server,Hardware,9975.0,6600,3375.0,3,0.0,2026-02-22
TXN1168,CUST121,Edge Server,Hardware,3325.0,2200,1125.0,1,0.0,2026-03-07
TXN1169,CUST121,Analytics Engine,Software,7125.0,1500,5625.0,5,0.0,2026-05-02
TXN1170,CUST121,Cloud Platform,Software,1140.0,200,940.0,1,0.0,2025-07-03
TXN1171,CUST121,Developer Laptop,Hardware,1900.0,1300,600.0,1,0.0,2025-12-23
TXN1172,CUST121,Cloud Migration Consultation,Services,9025.0,6000,3025.0,2,0.05,2025-09-27
TXN1173,CUST121,Security Suite,Software,646.0,150,496.0,1,0.15,2026-03-08
TXN1174,CUST122,Enterprise Support (Annual),Services,22800.0,13500,9300.0,3,0.0,2025-04-28
TXN1175,CUST122,Cloud Migration Consultation,Services,4750.0,3000,1750.0,1,0.0,2025-12-01
TXN1176,CUST122,Cloud Migration Consultation,Services,16150.0,12000,4150.0,4,0.15,2025-05-04
TXN1177,CUST122,Cloud Platform,Software,5130.0,1000,4130.0,5,0.1,2025-11-20
TXN1178,CUST122,Collaboration Tool,Software,285.0,50,235.0,1,0.0,2026-02-17
TXN1179,CUST122,Developer Laptop,Hardware,1805.0,1300,505.0,1,0.05,2024-12-28
TXN1180,CUST122,Custom Training Workshop,Services,2375.0,1200,1175.0,1,0.0,2024-10-01
TXN1181,CUST122,Edge Server,Hardware,6650.0,4400,2250.0,2,0.0,2025-09-21
TXN1182,CUST122,Enterprise Support (Annual),Services,7600.0,4500,3100.0,1,0.0,2026-01-23
TXN1183,CUST122,Custom Training Workshop,Services,2375.0,1200,1175.0,1,0.0,2026-04-26
TXN1184,CUST123,Enterprise Support (Annual),Services,6800.0,4500,2300.0,1,0.15,2024-11-04
TXN1185,CUST123,Smart Gateway,Hardware,765.0,500,265.0,2,0.15,2026-03-19
TXN1186,CUST123,Smart Gateway,Hardware,450.0,250,200.0,1,0.0,2024-08-27
TXN1187,CUST123,Smart Gateway,Hardware,1710.0,1000,710.0,4,0.05,2025-08-26
TXN1188,CUST123,Cloud Migration Consultation,Services,10000.0,6000,4000.0,2,0.0,2025-01-14
TXN1189,CUST123,Custom Training Workshop,Services,2500.0,1200,1300.0,1,0.0,2024-08-11
TXN1190,CUST123,Developer Laptop,Hardware,4000.0,2600,1400.0,2,0.0,2025-07-13
TXN1191,CUST123,Custom Training Workshop,Services,4750.0,2400,2350.0,2,0.05,2024-12-12
TXN1192,CUST123,Analytics Engine,Software,1500.0,300,1200.0,1,0.0,2025-01-11
TXN1193,CUST123,Custom Training Workshop,Services,6750.0,3600,3150.0,3,0.1,2025-10-18
TXN1194,CUST123,Developer Laptop,Hardware,5700.0,3900,1800.0,3,0.05,2025-02-01
TXN1195,CUST123,Edge Server,Hardware,3500.0,2200,1300.0,1,0.0,2025-08-23
TXN1196,CUST123,Custom Training Workshop,Services,7500.0,3600,3900.0,3,0.0,2025-10-26
TXN1197,CUST123,Custom Training Workshop,Services,7500.0,3600,3900.0,3,0.0,2025-12-12
TXN1198,CUST123,Custom Training Workshop,Services,6375.0,3600,2775.0,3,0.15,2025-06-27
TXN1199,CUST124,Edge Server,Hardware,2975.0,2200,775.0,1,0.15,2025-11-16
TXN1200,CUST124,Cloud Platform,Software,1200.0,200,1000.0,1,0.0,2026-01-06
TXN1201,CUST124,Edge Server,Hardware,9975.0,6600,3375.0,3,0.05,2025-10-26
TXN1202,CUST124,Analytics Engine,Software,1425.0,300,1125.0,1,0.05,2026-06-29
TXN1203,CUST125,Developer Laptop,Hardware,5400.0,3900,1500.0,3,0.0,2026-04-08
TXN1204,CUST125,Cloud Platform,Software,2916.0,600,2316.0,3,0.1,2026-01-25
TXN1205,CUST125,Enterprise Support (Annual),Services,13680.0,9000,4680.0,2,0.05,2026-04-20
TXN1206,CUST125,Developer Laptop,Hardware,5130.0,3900,1230.0,3,0.05,2026-06-27
TXN1207,CUST125,Developer Laptop,Hardware,1530.0,1300,230.0,1,0.15,2026-04-27
TXN1208,CUST126,Edge Server,Hardware,2800.0,2200,600.0,1,0.2,2025-12-02
TXN1209,CUST126,Analytics Engine,Software,1200.0,300,900.0,1,0.2,2025-09-30
TXN1210,CUST126,Custom Training Workshop,Services,2000.0,1200,800.0,1,0.2,2025-11-27
TXN1211,CUST126,Security Suite,Software,640.0,150,490.0,1,0.2,2025-11-23
TXN1212,CUST126,Collaboration Tool,Software,300.0,50,250.0,1,0.0,2026-06-27
TXN1213,CUST126,Cloud Migration Consultation,Services,8000.0,6000,2000.0,2,0.2,2026-06-20
TXN1214,CUST126,Developer Laptop,Hardware,2000.0,1300,700.0,1,0.0,2025-11-20
TXN1215,CUST127,Collaboration Tool,Software,1026.0,200,826.0,4,0.1,2025-05-15
TXN1216,CUST127,Edge Server,Hardware,2992.5,2200,792.5,1,0.1,2025-11-03
TXN1217,CUST127,Smart Gateway,Hardware,855.0,500,355.0,2,0.0,2025-11-28
TXN1218,CUST127,Custom Training Workshop,Services,2256.25,1200,1056.25,1,0.05,2025-08-09
TXN1219,CUST127,Developer Laptop,Hardware,3420.0,2600,820.0,2,0.1,2026-06-21
TXN1220,CUST127,Security Suite,Software,1520.0,300,1220.0,2,0.0,2026-06-17
TXN1221,CUST127,Smart Gateway,Hardware,1282.5,750,532.5,3,0.0,2025-03-26
TXN1222,CUST128,Security Suite,Software,648.0,150,498.0,1,0.1,2025-08-20
TXN1223,CUST128,Edge Server,Hardware,8505.0,6600,1905.0,3,0.1,2026-04-02
TXN1224,CUST128,Cloud Migration Consultation,Services,45000.0,30000,15000.0,10,0.0,2026-02-15
TXN1225,CUST128,Custom Training Workshop,Services,1912.5,1200,712.5,1,0.15,2025-08-15
TXN1226,CUST129,Collaboration Tool,Software,300.0,50,250.0,1,0.0,2026-05-03
TXN1227,CUST129,Developer Laptop,Hardware,2000.0,1300,700.0,1,0.0,2026-03-06
TXN1228,CUST129,Collaboration Tool,Software,600.0,100,500.0,2,0.0,2025-11-25
TXN1229,CUST129,Edge Server,Hardware,8400.0,6600,1800.0,3,0.2,2026-05-26
TXN1230,CUST129,Enterprise Support (Annual),Services,7600.0,4500,3100.0,1,0.05,2026-05-17
TXN1231,CUST129,Security Suite,Software,640.0,150,490.0,1,0.2,2025-11-25
TXN1232,CUST129,Collaboration Tool,Software,300.0,50,250.0,1,0.0,2026-04-01
TXN1233,CUST129,Edge Server,Hardware,3150.0,2200,950.0,1,0.1,2026-02-28
TXN1234,CUST130,Security Suite,Software,4104.0,900,3204.0,6,0.05,2025-08-27
TXN1235,CUST130,Smart Gateway,Hardware,1093.5,750,343.5,3,0.1,2025-07-09
TXN1236,CUST130,Cloud Platform,Software,1728.0,400,1328.0,2,0.2,2025-10-10
TXN1237,CUST130,Edge Server,Hardware,12600.0,8800,3800.0,4,0.0,2026-05-09
TXN1238,CUST130,Custom Training Workshop,Services,2025.0,1200,825.0,1,0.1,2026-02-24
TXN1239,CUST130,Analytics Engine,Software,4050.0,900,3150.0,3,0.0,2026-02-25
TXN1240,CUST130,Custom Training Workshop,Services,6075.0,3600,2475.0,3,0.1,2025-10-28
TXN1241,CUST130,Custom Training Workshop,Services,4500.0,2400,2100.0,2,0.0,2025-12-26
TXN1242,CUST130,Analytics Engine,Software,4050.0,900,3150.0,3,0.0,2025-07-17
TXN1243,CUST130,Analytics Engine,Software,3442.5,900,2542.5,3,0.15,2025-09-09
TXN1244,CUST130,Analytics Engine,Software,3442.5,900,2542.5,3,0.15,2025-12-17
TXN1245,CUST130,Security Suite,Software,3888.0,900,2988.0,6,0.1,2026-03-08
TXN1246,CUST130,Developer Laptop,Hardware,14580.0,11700,2880.0,9,0.1,2026-03-23
TXN1247,CUST130,Custom Training Workshop,Services,4275.0,2400,1875.0,2,0.05,2025-11-03
TXN1248,CUST130,Cloud Platform,Software,2160.0,400,1760.0,2,0.0,2025-12-15
TXN1249,CUST131,Edge Server,Hardware,3325.0,2200,1125.0,1,0.0,2026-03-27
TXN1250,CUST131,Cloud Platform,Software,969.0,200,769.0,1,0.15,2025-12-20
TXN1251,CUST131,Cloud Platform,Software,1140.0,200,940.0,1,0.0,2025-10-27
TXN1252,CUST131,Collaboration Tool,Software,812.25,150,662.25,3,0.05,2026-03-02
TXN1253,CUST131,Analytics Engine,Software,1282.5,300,982.5,1,0.1,2026-02-20
TXN1254,CUST131,Security Suite,Software,1520.0,300,1220.0,2,0.0,2025-12-20
TXN1255,CUST131,Cloud Platform,Software,1026.0,200,826.0,1,0.1,2025-12-14
TXN1256,CUST131,Cloud Platform,Software,2052.0,400,1652.0,2,0.1,2025-10-25
TXN1257,CUST131,Cloud Platform,Software,1083.0,200,883.0,1,0.05,2025-09-19
TXN1258,CUST131,Collaboration Tool,Software,285.0,50,235.0,1,0.0,2026-06-28
TXN1259,CUST132,Cloud Migration Consultation,Services,9000.0,6000,3000.0,2,0.1,2025-01-31
TXN1260,CUST132,Security Suite,Software,800.0,150,650.0,1,0.0,2025-12-05
TXN1261,CUST132,Analytics Engine,Software,6000.0,1200,4800.0,4,0.0,2024-06-29
TXN1262,CUST132,Custom Training Workshop,Services,4750.0,2400,2350.0,2,0.05,2024-09-09
TXN1263,CUST133,Cloud Migration Consultation,Services,4500.0,3000,1500.0,1,0.1,2025-09-25
TXN1264,CUST133,Cloud Platform,Software,6000.0,1000,5000.0,5,0.0,2025-12-28
TXN1265,CUST133,Custom Training Workshop,Services,2375.0,1200,1175.0,1,0.05,2025-11-23
TXN1266,CUST133,Smart Gateway,Hardware,1800.0,1000,800.0,4,0.0,2025-11-08
TXN1267,CUST134,Edge Server,Hardware,6300.0,4400,1900.0,2,0.0,2025-12-21
TXN1268,CUST134,Collaboration Tool,Software,270.0,50,220.0,1,0.0,2025-10-15
TXN1269,CUST134,Enterprise Support (Annual),Services,7200.0,4500,2700.0,1,0.0,2025-12-02
TXN1270,CUST134,Collaboration Tool,Software,729.0,150,579.0,3,0.1,2026-04-17
TXN1271,CUST134,Collaboration Tool,Software,540.0,100,440.0,2,0.0,2026-02-25
TXN1272,CUST134,Smart Gateway,Hardware,324.0,250,74.0,1,0.2,2025-02-07
TXN1273,CUST134,Cloud Migration Consultation,Services,12825.0,9000,3825.0,3,0.05,2026-04-15
TXN1274,CUST134,Security Suite,Software,2052.0,450,1602.0,3,0.05,2025-02-23
TXN1275,CUST135,Analytics Engine,Software,7125.0,1500,5625.0,5,0.0,2025-03-12
TXN1276,CUST135,Edge Server,Hardware,3325.0,2200,1125.0,1,0.0,2026-05-23
TXN1277,CUST135,Smart Gateway,Hardware,812.25,500,312.25,2,0.05,2026-02-14
TXN1278,CUST135,Developer Laptop,Hardware,3040.0,2600,440.0,2,0.2,2025-11-04
TXN1279,CUST136,Edge Server,Hardware,7000.0,4400,2600.0,2,0.0,2026-03-01
TXN1280,CUST136,Developer Laptop,Hardware,1700.0,1300,400.0,1,0.15,2025-10-19
TXN1281,CUST136,Cloud Platform,Software,3600.0,600,3000.0,3,0.0,2025-06-28
TXN1282,CUST136,Collaboration Tool,Software,600.0,100,500.0,2,0.0,2025-06-26
TXN1283,CUST136,Custom Training Workshop,Services,2500.0,1200,1300.0,1,0.0,2025-11-15
TXN1284,CUST136,Developer Laptop,Hardware,1900.0,1300,600.0,1,0.05,2026-03-06
TXN1285,CUST136,Enterprise Support (Annual),Services,7200.0,4500,2700.0,1,0.1,2026-02-19
TXN1286,CUST136,Cloud Migration Consultation,Services,20000.0,12000,8000.0,4,0.0,2026-03-16
TXN1287,CUST136,Collaboration Tool,Software,255.0,50,205.0,1,0.15,2026-01-19
TXN1288,CUST136,Edge Server,Hardware,3325.0,2200,1125.0,1,0.05,2026-01-25
TXN1289,CUST137,Cloud Migration Consultation,Services,5000.0,3000,2000.0,1,0.0,2025-10-17
TXN1290,CUST137,Developer Laptop,Hardware,3800.0,2600,1200.0,2,0.05,2026-05-16
TXN1291,CUST137,Custom Training Workshop,Services,4750.0,2400,2350.0,2,0.05,2026-01-21
TXN1292,CUST137,Cloud Migration Consultation,Services,5000.0,3000,2000.0,1,0.0,2026-01-13
TXN1293,CUST137,Enterprise Support (Annual),Services,16000.0,9000,7000.0,2,0.0,2026-01-23
TXN1294,CUST137,Edge Server,Hardware,3500.0,2200,1300.0,1,0.0,2025-10-07
TXN1295,CUST137,Smart Gateway,Hardware,405.0,250,155.0,1,0.1,2025-11-18
TXN1296,CUST137,Developer Laptop,Hardware,2000.0,1300,700.0,1,0.0,2026-03-31
TXN1297,CUST137,Developer Laptop,Hardware,2000.0,1300,700.0,1,0.0,2025-11-13
TXN1298,CUST137,Enterprise Support (Annual),Services,6800.0,4500,2300.0,1,0.15,2025-09-12
TXN1299,CUST137,Edge Server,Hardware,3500.0,2200,1300.0,1,0.0,2025-06-17
TXN1300,CUST137,Collaboration Tool,Software,600.0,100,500.0,2,0.0,2025-10-28
TXN1301,CUST137,Developer Laptop,Hardware,2000.0,1300,700.0,1,0.0,2026-02-02
TXN1302,CUST137,Developer Laptop,Hardware,2000.0,1300,700.0,1,0.0,2025-05-26
TXN1303,CUST137,Edge Server,Hardware,7000.0,4400,2600.0,2,0.0,2025-07-04
TXN1304,CUST138,Enterprise Support (Annual),Services,8000.0,4500,3500.0,1,0.0,2026-01-29
TXN1305,CUST138,Collaboration Tool,Software,480.0,100,380.0,2,0.2,2025-12-26
TXN1306,CUST138,Cloud Migration Consultation,Services,5000.0,3000,2000.0,1,0.0,2025-06-24
TXN1307,CUST138,Edge Server,Hardware,5600.0,4400,1200.0,2,0.2,2026-03-06
TXN1308,CUST138,Cloud Migration Consultation,Services,5000.0,3000,2000.0,1,0.0,2026-05-19
TXN1309,CUST138,Enterprise Support (Annual),Services,8000.0,4500,3500.0,1,0.0,2026-03-03
TXN1310,CUST138,Enterprise Support (Annual),Services,8000.0,4500,3500.0,1,0.0,2025-06-25
TXN1311,CUST138,Enterprise Support (Annual),Services,8000.0,4500,3500.0,1,0.0,2026-04-21
TXN1312,CUST138,Enterprise Support (Annual),Services,15200.0,9000,6200.0,2,0.05,2026-04-01
TXN1313,CUST138,Custom Training Workshop,Services,2500.0,1200,1300.0,1,0.0,2025-05-26
TXN1314,CUST139,Custom Training Workshop,Services,9500.0,4800,4700.0,4,0.0,2025-06-07
TXN1315,CUST139,Custom Training Workshop,Services,6056.25,3600,2456.25,3,0.15,2026-01-10
TXN1316,CUST139,Custom Training Workshop,Services,4512.5,2400,2112.5,2,0.05,2026-06-11
TXN1317,CUST139,Edge Server,Hardware,2992.5,2200,792.5,1,0.1,2025-08-23
TXN1318,CUST139,Developer Laptop,Hardware,1615.0,1300,315.0,1,0.15,2026-03-16
TXN1319,CUST139,Security Suite,Software,2280.0,450,1830.0,3,0.0,2026-05-30
TXN1320,CUST139,Cloud Migration Consultation,Services,4512.5,3000,1512.5,1,0.05,2025-07-14
TXN1321,CUST139,Cloud Platform,Software,1140.0,200,940.0,1,0.0,2025-09-13
TXN1322,CUST139,Developer Laptop,Hardware,1520.0,1300,220.0,1,0.2,2026-04-02
TXN1323,CUST139,Cloud Migration Consultation,Services,4750.0,3000,1750.0,1,0.0,2025-09-22
TXN1324,CUST140,Smart Gateway,Hardware,406.12,250,156.12,1,0.05,2025-11-06
TXN1325,CUST140,Enterprise Support (Annual),Services,15200.0,9000,6200.0,2,0.0,2025-07-18
TXN1326,CUST140,Smart Gateway,Hardware,427.5,250,177.5,1,0.0,2025-08-08
TXN1327,CUST141,Custom Training Workshop,Services,7125.0,3600,3525.0,3,0.0,2025-10-12
TXN1328,CUST141,Cloud Migration Consultation,Services,4512.5,3000,1512.5,1,0.05,2026-06-12
TXN1329,CUST141,Analytics Engine,Software,1425.0,300,1125.0,1,0.0,2025-12-21
TXN1330,CUST141,Analytics Engine,Software,1353.75,300,1053.75,1,0.05,2026-02-10
TXN1331,CUST141,Custom Training Workshop,Services,2375.0,1200,1175.0,1,0.0,2025-10-25
TXN1332,CUST141,Security Suite,Software,760.0,150,610.0,1,0.0,2025-06-21
TXN1333,CUST141,Smart Gateway,Hardware,406.12,250,156.12,1,0.05,2025-11-04
TXN1334,CUST141,Analytics Engine,Software,1425.0,300,1125.0,1,0.0,2026-04-02
TXN1335,CUST141,Edge Server,Hardware,2992.5,2200,792.5,1,0.1,2025-08-13
TXN1336,CUST142,Custom Training Workshop,Services,2137.5,1200,937.5,1,0.1,2024-08-06
TXN1337,CUST142,Custom Training Workshop,Services,2256.25,1200,1056.25,1,0.05,2024-09-09
TXN1338,CUST142,Custom Training Workshop,Services,2137.5,1200,937.5,1,0.1,2025-05-28
TXN1339,CUST142,Cloud Migration Consultation,Services,14250.0,9000,5250.0,3,0.0,2024-11-17
TXN1340,CUST142,Developer Laptop,Hardware,1710.0,1300,410.0,1,0.1,2025-08-22
TXN1341,CUST142,Edge Server,Hardware,9975.0,6600,3375.0,3,0.0,2025-03-14
TXN1342,CUST142,Enterprise Support (Annual),Services,20520.0,13500,7020.0,3,0.1,2025-10-08
TXN1343,CUST143,Analytics Engine,Software,8100.0,1800,6300.0,6,0.0,2026-06-18
TXN1344,CUST143,Smart Gateway,Hardware,364.5,250,114.5,1,0.1,2025-12-07
TXN1345,CUST143,Smart Gateway,Hardware,769.5,500,269.5,2,0.05,2026-05-02
TXN1346,CUST143,Custom Training Workshop,Services,6750.0,3600,3150.0,3,0.0,2026-06-30
TXN1347,CUST143,Custom Training Workshop,Services,4050.0,2400,1650.0,2,0.1,2025-06-05
TXN1348,CUST143,Collaboration Tool,Software,540.0,100,440.0,2,0.0,2025-07-18
TXN1349,CUST143,Security Suite,Software,1728.0,450,1278.0,3,0.2,2025-06-21
TXN1350,CUST143,Collaboration Tool,Software,1080.0,200,880.0,4,0.0,2026-04-07
TXN1351,CUST143,Analytics Engine,Software,3645.0,900,2745.0,3,0.1,2026-05-21
TXN1352,CUST144,Cloud Platform,Software,1200.0,200,1000.0,1,0.0,2025-05-01
TXN1353,CUST144,Cloud Migration Consultation,Services,5000.0,3000,2000.0,1,0.0,2025-08-07
TXN1354,CUST144,Custom Training Workshop,Services,4250.0,2400,1850.0,2,0.15,2026-02-08
TXN1355,CUST144,Analytics Engine,Software,3000.0,600,2400.0,2,0.0,2025-11-02
TXN1356,CUST144,Enterprise Support (Annual),Services,16000.0,9000,7000.0,2,0.0,2025-08-31
TXN1357,CUST144,Cloud Platform,Software,1140.0,200,940.0,1,0.05,2025-07-28
TXN1358,CUST144,Enterprise Support (Annual),Services,7200.0,4500,2700.0,1,0.1,2025-10-24
TXN1359,CUST144,Developer Laptop,Hardware,4000.0,2600,1400.0,2,0.0,2025-01-28
TXN1360,CUST144,Security Suite,Software,4000.0,750,3250.0,5,0.0,2025-10-01
TXN1361,CUST144,Collaboration Tool,Software,270.0,50,220.0,1,0.1,2026-06-10
TXN1362,CUST144,Developer Laptop,Hardware,2000.0,1300,700.0,1,0.0,2024-08-15
TXN1363,CUST144,Smart Gateway,Hardware,900.0,500,400.0,2,0.0,2025-03-28
TXN1364,CUST144,Edge Server,Hardware,8400.0,6600,1800.0,3,0.2,2024-07-27
TXN1365,CUST144,Cloud Migration Consultation,Services,9000.0,6000,3000.0,2,0.1,2025-08-28
TXN1366,CUST144,Edge Server,Hardware,3500.0,2200,1300.0,1,0.0,2026-03-20
TXN1367,CUST145,Developer Laptop,Hardware,21600.0,19500,2100.0,15,0.2,2024-09-11
TXN1368,CUST145,Custom Training Workshop,Services,6750.0,3600,3150.0,3,0.0,2025-09-18
TXN1369,CUST145,Developer Laptop,Hardware,27000.0,19500,7500.0,15,0.0,2025-10-10
TXN1370,CUST145,Security Suite,Software,2160.0,450,1710.0,3,0.0,2025-08-09
TXN1371,CUST145,Edge Server,Hardware,8977.5,6600,2377.5,3,0.05,2024-12-27
TXN1372,CUST145,Edge Server,Hardware,3150.0,2200,950.0,1,0.0,2024-06-08
TXN1373,CUST145,Smart Gateway,Hardware,810.0,500,310.0,2,0.0,2026-05-18
TXN1374,CUST145,Smart Gateway,Hardware,2308.5,1500,808.5,6,0.05,2026-06-30
TXN1375,CUST146,Smart Gateway,Hardware,1923.75,1250,673.75,5,0.05,2024-08-11
TXN1376,CUST146,Enterprise Support (Annual),Services,7200.0,4500,2700.0,1,0.0,2025-12-29
TXN1377,CUST146,Collaboration Tool,Software,810.0,150,660.0,3,0.0,2024-08-30
TXN1378,CUST146,Edge Server,Hardware,8977.5,6600,2377.5,3,0.05,2024-06-22
TXN1379,CUST146,Edge Server,Hardware,9450.0,6600,2850.0,3,0.0,2025-06-07
TXN1380,CUST146,Analytics Engine,Software,1215.0,300,915.0,1,0.1,2024-05-30
TXN1381,CUST146,Smart Gateway,Hardware,3645.0,2250,1395.0,9,0.0,2026-06-16
TXN1382,CUST146,Custom Training Workshop,Services,2250.0,1200,1050.0,1,0.0,2024-02-29
TXN1383,CUST146,Cloud Migration Consultation,Services,13500.0,9000,4500.0,3,0.0,2025-07-19
TXN1384,CUST147,Developer Laptop,Hardware,1600.0,1300,300.0,1,0.2,2025-07-18
TXN1385,CUST147,Cloud Platform,Software,1080.0,200,880.0,1,0.1,2025-10-29
TXN1386,CUST147,Developer Laptop,Hardware,4000.0,2600,1400.0,2,0.0,2026-04-19
TXN1387,CUST147,Analytics Engine,Software,5700.0,1200,4500.0,4,0.05,2026-04-18
TXN1388,CUST147,Smart Gateway,Hardware,1912.5,1250,662.5,5,0.15,2026-01-03
TXN1389,CUST147,Cloud Migration Consultation,Services,5000.0,3000,2000.0,1,0.0,2026-06-29
TXN1390,CUST147,Developer Laptop,Hardware,3600.0,2600,1000.0,2,0.1,2026-04-11
TXN1391,CUST147,Enterprise Support (Annual),Services,8000.0,4500,3500.0,1,0.0,2026-02-21
TXN1392,CUST147,Edge Server,Hardware,3500.0,2200,1300.0,1,0.0,2025-09-16
TXN1393,CUST147,Developer Laptop,Hardware,3200.0,2600,600.0,2,0.2,2025-12-01
TXN1394,CUST147,Analytics Engine,Software,1500.0,300,1200.0,1,0.0,2025-08-03
TXN1395,CUST147,Custom Training Workshop,Services,2375.0,1200,1175.0,1,0.05,2025-10-22
TXN1396,CUST147,Cloud Migration Consultation,Services,4250.0,3000,1250.0,1,0.15,2025-11-21
TXN1397,CUST148,Custom Training Workshop,Services,2137.5,1200,937.5,1,0.1,2025-08-11
TXN1398,CUST148,Smart Gateway,Hardware,406.12,250,156.12,1,0.05,2026-05-16
TXN1399,CUST148,Analytics Engine,Software,6768.75,1500,5268.75,5,0.05,2025-05-13
TXN1400,CUST148,Custom Training Workshop,Services,2375.0,1200,1175.0,1,0.0,2026-02-21
TXN1401,CUST148,Custom Training Workshop,Services,2375.0,1200,1175.0,1,0.0,2026-02-12
TXN1402,CUST148,Developer Laptop,Hardware,1900.0,1300,600.0,1,0.0,2025-05-06
TXN1403,CUST148,Collaboration Tool,Software,285.0,50,235.0,1,0.0,2025-08-27
TXN1404,CUST148,Cloud Platform,Software,1140.0,200,940.0,1,0.0,2025-05-05
TXN1405,CUST148,Custom Training Workshop,Services,2375.0,1200,1175.0,1,0.0,2025-11-19
TXN1406,CUST148,Cloud Migration Consultation,Services,9500.0,6000,3500.0,2,0.0,2025-08-04
TXN1407,CUST149,Edge Server,Hardware,5985.0,4400,1585.0,2,0.1,2026-04-07
TXN1408,CUST149,Collaboration Tool,Software,855.0,150,705.0,3,0.0,2025-05-27
TXN1409,CUST149,Enterprise Support (Annual),Services,15200.0,9000,6200.0,2,0.0,2026-02-28
TXN1410,CUST149,Developer Laptop,Hardware,6460.0,5200,1260.0,4,0.15,2026-06-21
TXN1411,CUST149,Security Suite,Software,608.0,150,458.0,1,0.2,2025-08-07
TXN1412,CUST149,Cloud Migration Consultation,Services,4750.0,3000,1750.0,1,0.0,2025-09-13
TXN1413,CUST149,Cloud Platform,Software,1140.0,200,940.0,1,0.0,2025-11-22
TXN1414,CUST149,Smart Gateway,Hardware,1624.5,1000,624.5,4,0.05,2026-04-23
TXN1415,CUST149,Smart Gateway,Hardware,1218.38,750,468.38,3,0.05,2026-01-08
TXN1416,CUST149,Custom Training Workshop,Services,4275.0,2400,1875.0,2,0.1,2026-04-22
TXN1417,CUST149,Security Suite,Software,760.0,150,610.0,1,0.0,2025-06-17
TXN1418,CUST149,Cloud Migration Consultation,Services,14250.0,9000,5250.0,3,0.0,2025-05-12
TXN1419,CUST149,Security Suite,Software,722.0,150,572.0,1,0.05,2026-04-01
TXN1420,CUST149,Cloud Migration Consultation,Services,4275.0,3000,1275.0,1,0.1,2026-06-12
TXN1421,CUST150,Edge Server,Hardware,2826.25,2200,626.25,1,0.15,2026-04-12
TXN1422,CUST150,Developer Laptop,Hardware,1900.0,1300,600.0,1,0.0,2026-03-28
TXN1423,CUST150,Analytics Engine,Software,1282.5,300,982.5,1,0.1,2025-12-15
TXN1424,CUST150,Edge Server,Hardware,2992.5,2200,792.5,1,0.1,2025-09-08
TXN1425,CUST150,Developer Laptop,Hardware,3610.0,2600,1010.0,2,0.05,2026-03-22
